fulfillment_id,po_id,warehouse_id,fulfillment_date,date_id,order_status,is_return,return_reason,return_cost,is_partial,partial_extra_cost
FUL-2024-0001,PO-2024-0001,WH-01,2024-10-07,2024-10-07,Complete,0,,0.0,0,0.0
FUL-2024-0002,PO-2024-0002,WH-02,2024-11-26,2024-11-26,PARTIAL,0,,0.0,1,800.0
FUL-2024-0003,PO-2024-0003,WH-03,12-07-2024,2024-07-12,Returned,1,Wrong product delivered,300.0,0,0.0
FUL-2024-0004,po-2024-0004,WH-03,2024-03-06,2024-03-06,Complete,0,,0.0,0,
FUL-2024-0005,PO-2024-0005,WH-01,2025-01-17,2025-01-17,COMPLETE,0,,0.0,0,0.0
FUL-2024-0006,PO-2024-0006,WH-01,,2024-08-26,Complete,0,,0.0,0,0.0
FUL-2024-0007,PO-2024-0007,WH-04,2024-02-06,2024-02-06,Complete,0,,0.0,0,0.0
FUL-2024-0008,PO-2024-0009,WH-01,2024-12-12,2024-12-12,COMPLETE,0,,0.0,0,0.0
FUL-2024-0009,PO-2024-0010,WH-03,06-05-2024,2024-05-06,Partial,0,,0.0,1,800.0
FUL-2024-0010,PO-2024-0012,WH-04,2024-04-10,2024-04-10,Complete,0,,0.0,0,0.0
FUL-2024-0011,PO-2024-0013,WH-01,2024-11-25,2024-11-25,Complete,0,,0.0,0,0.0
FUL-2024-0012,PO-2024-0015,WH-03,2024-10-28,2024-10-28,Complete,0,,0.0,0,0.0
FUL-2024-0013,PO-2024-0016,WH-02,2024-11-12,2024-11-12,Complete,0,,0.0,0,0.0
FUL-2024-0014,po-2024-0017,WH-02,2024-04-25,2024-04-25,Complete,0,,0.0,0,0.0
FUL-2024-0015,PO-2024-0018,WH-04,2024-09-22,2024-09-22,Complete,0,,0.0,0,
FUL-2024-0016,PO-2024-0019,WH-01,2024-05-23,2024-05-23,Complete,0,,0.0,0,0.0
FUL-2024-0017,PO-2024-0020,WH-01,2024-02-26,2024-02-26,  Complete  ,0,,0.0,0,0.0
FUL-2024-0018,PO-2024-0021,WH-01,2024-12-12,2024-12-12,Complete,0,,0.0,0,0.0
FUL-2024-0019,PO-2024-0022,WH-01,2024-05-26,2024-05-26,Complete,0,,0.0,0,0.0
FUL-2024-0020,PO-2024-0023,WH-01,2024-06-09,2024-06-09,Complete,0,,0.0,0,0.0
FUL-2024-0021,PO-2024-0024,WH-03,2024-11-17,2024-11-17,Complete,0,,0.0,0,0.0
FUL-2024-0022,PO-2024-0025,WH-02,2024-10-23,2024-10-23,complete,0,,0.0,0,0.0
FUL-2024-0023,PO-2024-0026,WH-01,10/31/2024,2024-10-31,complete,0,,0.0,0,0.0
FUL-2024-0024,PO-2024-0027,WH-03,2024-04-03,2024-04-03,Complete,0,,0.0,0,0.0
FUL-2024-0025,PO-2024-0028,WH-01,2024-11-15,2024-11-15,Complete,0,,0.0,0,0.0
FUL-2024-0026,PO-2024-0029,WH-01,2024-05-09,2024-05-09,Complete,0,,0.0,0,0.0
FUL-2024-0027,PO-2024-0030,WH-01,,2024-05-30,Complete,0,,0.0,0,0.0
FUL-2024-0028,PO-2024-0031,WH-04,2024-02-13,2024-02-13,Complete,0,,-0.0,0,0.0
FUL-2024-0029,PO-2024-0032,wh-04,2024-03-08,2024-03-08,Complete,0,,0.0,0,0.0
FUL-2024-0030,PO-2024-0033,WH-01,2024-08-24,2024-08-24,Complete,0,,0.0,0,0.0
FUL-2024-0031,PO-2024-0034,WH-01,2024-11-30,2024-11-30,Complete,0,,-0.0,0,0.0
FUL-2024-0032,PO-2024-0036,WH-01,2024-09-19,2024-09-19,Complete,0,,0.0,0,0.0
FUL-2024-0033,PO-2024-0037,WH-01,2024-12-12,2024-12-12,Complete,0,,0.0,0,0.0
FUL-2024-0034,PO-2024-0039,wh-01,2024-06-08,2024-06-08,Returned,1,Customer order cancellation,300.0,0,0.0
FUL-2024-0035,PO20240040,WH-03,2024-10-18,2024-10-18,Complete,0,,0.0,0,0.0
FUL-2024-0036,PO-2024-0041,WH-02,2024-10-30,2024-10-30,Complete,0,,0.0,0,0.0
FUL-2024-0037,PO-2024-0042,WH-04,2024-09-14,2024-09-14,Complete,0,,0.0,0,0.0
FUL-2024-0038,PO-2024-0044,WH-01,05/20/2024,2024-05-20,Complete,0,,0.0,0,0.0
FUL-2024-0039,PO-2024-0045,WH-01,2024-03-26,2024-03-26,Complete,0,,0.0,0,0.0
FUL-2024-0040,PO-2024-0046,WH-04,2024-09-24,2024-09-24,Complete,0,,0.0,0,0.0
FUL-2024-0041,PO-2024-0047,WH-01,10/24/2024,2024-10-24,Complete,0,,0.0,0,0.0
FUL-2024-0042,PO-2024-0048,WH-02,05/05/2024,2024-05-05,  COMPLETE  ,0,,0.0,0,0.0
FUL-2024-0043,PO-2024-0049,WH-01,2024-03-09,2024-03-09,  Complete  ,0,,0.0,0,0.0
FUL-2024-0044,PO-2024-0050,WH-03,2024-01-21,2024-01-21,Complete,0,,0.0,0,0.0
FUL-2024-0045,PO-2024-0051,WH02,06-05-2024,2024-05-06,Complete,0,,0.0,0,0.0
FUL-2024-0046,PO-2024-0052,WH-02,2024-04-05,2024-04-05,Complete,0,,0.0,0,0.0
FUL-2024-0047,PO-2024-0053,WH-01,2024-01-31,2024-01-31,Complete,0,,0.0,0,0.0
FUL-2024-0048,PO-2024-0055,WH-01,2024-08-11,2024-08-11,complete,0,,0.0,0,0.0
FUL-2024-0049,PO20240056,WH-04,2024-04-03,2024-04-03,Complete,0,,0.0,0,0.0
FUL-2024-0050,PO-2024-0057,WH-01,2024-10-07,2024-10-07,Complete,0,,0.0,0,0.0
FUL-2024-0051,PO-2024-0058,WH-02,2024-05-16,2024-05-16,Complete,0,,0.0,0,0.0
FUL-2024-0052,PO-2024-0059,WH-01,08/22/2024,2024-08-22,Complete,0,,0.0,0,0.0
FUL-2024-0053,PO-2024-0060,WH-04,2024-12-16,2024-12-16,Complete,0,,0.0,0,0.0
FUL-2024-0054,PO-2024-0061,WH-03,2024-12-06,2024-12-06,Complete,0,,0.0,0,0.0
FUL-2024-0055,PO-2024-0062,WH-04,2024-03-30,2024-03-30,Complete,0,,0.0,0,0.0
FUL-2024-0056,PO-2024-0064,WH02,2024-11-12,2024-11-12,  Returned  ,1,Expired product,300.0,0,0.0
FUL-2024-0057,PO-2024-0065,WH-04,2024-12-03,2024-12-03,Returned,1,Expired product,300.0,0,0.0
FUL-2024-0058,PO-2024-0066,WH-02,2024-07-24,2024-07-24,Complete,0,,0.0,0,0.0
FUL-2024-0059,PO-2024-0067,wh-01,2024-12-21,2024-12-21,complete,0,,0.0,0,0.0
FUL-2024-0060,PO-2024-0068,WH-01,24-07-2024,2024-07-24,Complete,0,,0.0,0,0.0
FUL-2024-0061,PO-2024-0069,WH-02,2024-12-14,2024-12-14,Complete,0,,0.0,0,0.0
FUL-2024-0062,PO-2024-0070,WH-01,,2025-01-07,Complete,0,,0.0,0,0.0
FUL-2024-0063,PO-2024-0071,WH-04,07-06-2024,2024-06-07,Complete,0,,0.0,0,0.0
FUL-2024-0064,PO-2024-0072,WH-02,2024-04-27,2024-04-27,Complete,0,,0.0,0,0.0
FUL-2024-0065,PO-2024-0073,WH-01,2024-06-06,2024-06-06,Complete,0,,0.0,0,0.0
FUL-2024-0066,PO-2024-0074,WH-04,2024-07-24,2024-07-24,Complete,0,,0.0,0,0.0
FUL-2024-0067,PO-2024-0075,WH-01,2024-02-19,2024-02-19,Complete,0,,0.0,0,0.0
FUL-2024-0068,PO-2024-0076,WH-02,06/02/2024,2024-06-02,Complete,0,,0.0,0,0.0
FUL-2024-0069,PO-2024-0077,wh-01,2024-09-09,2024-09-09,Complete,0,,0.0,0,0.0
FUL-2024-0070,PO-2024-0079,WH-02,2024-06-19,2024-06-19,Complete,0,,0.0,0,0.0
FUL-2024-0071,PO-2024-0080,WH-02,2024-06-29,2024-06-29,Complete,0,,0.0,0,0.0
FUL-2024-0072,PO-2024-0081,wh-04,2024-05-06,2024-05-06,Complete,0,,0.0,0,0.0
FUL-2024-0073,PO-2024-0082,WH-01,2024-11-06,2024-11-06,Complete,0,,0.0,0,0.0
FUL-2024-0074,PO-2024-0083,WH-02,2024-01-31,2024-01-31,Complete,0,,0.0,0,0.0
FUL-2024-0075,PO-2024-0085,WH-03,2024-09-07,2024-09-07,Partial,0,,0.0,1,800.0
FUL-2024-0076,PO-2024-0086,WH-02,2024-07-08,2024-07-08,Complete,0,,0.0,0,0.0
FUL-2024-0077,PO-2024-0087,WH-01,2024-10-23,2024-10-23,Complete,0,,0.0,0,0.0
FUL-2024-0078,PO-2024-0088,WH-01,2024-02-28,2024-02-28,Complete,0,,0.0,0,0.0
FUL-2024-0079,PO-2024-0089,WH-01,17-11-2024,2024-11-17,Complete,0,,0.0,0,0.0
FUL-2024-0080,PO-2024-0090,WH-01,06-02-2024,2024-02-06,Complete,0,,0.0,0,0.0
FUL-2024-0081,PO-2024-0091,WH-01,2024-11-26,2024-11-26,complete,0,,0.0,0,0.0
FUL-2024-0082,PO-2024-0092,WH-04,2024-12-22,2024-12-22,Returned,1,Customer order cancellation,300.0,0,0.0
FUL-2024-0083,PO-2024-0093,WH-01,2024-11-24,2024-11-24,Complete,0,,0.0,0,0.0
FUL-2024-0084,PO-2024-0094,WH-03,2024-08-01,2024-08-01,Complete,0,,0.0,0,
FUL-2024-0085,PO-2024-0095,WH-01,2024-05-27,2024-05-27,Complete,0,,0.0,0,0.0
FUL-2024-0086,PO-2024-0096,WH-01,2024-10-27,2024-10-27,Complete,0,,0.0,0,0.0
FUL-2024-0087,PO-2024-0097,WH02,2025-01-10,2025-01-10,complete,0,,0.0,0,0.0
FUL-2024-0088,po-2024-0098,WH-01,2024-04-14,2024-04-14,Complete,0,,0.0,0,0.0
FUL-2024-0089,PO-2024-0099,WH-04,2024-06-09,2024-06-09,Complete,0,,0.0,0,0.0
FUL-2024-0090,PO-2024-0100,WH-02,2024-03-22,2024-03-22,Partial,0,,0.0,1,800.0
FUL-2024-0091,PO-2024-0101,WH-02,2024-05-02,2024-05-02,Partial,0,,0.0,1,800.0
FUL-2024-0092,PO-2024-0102,WH-01,2024-12-16,2024-12-16,Complete,0,,0.0,0,0.0
FUL-2024-0093,PO-2024-0103,WH-04,2024-08-10,2024-08-10,Complete,0,,0.0,0,0.0
FUL-2024-0094,PO20240104,WH-02,2024-11-02,2024-11-02,Complete,0,,0.0,0,0.0
FUL-2024-0095,PO-2024-0106,WH-02,11-05-2024,2024-05-11,Complete,0,,0.0,0,0.0
FUL-2024-0096,PO-2024-0107,WH-01,2024-04-30,2024-04-30,Returned,1,Quality issue,300.0,0,0.0
FUL-2024-0097,PO-2024-0108,WH-02,2024-11-09,2024-11-09,complete,0,,0.0,0,0.0
FUL-2024-0098,PO-2024-0109,WH-02,02/08/2024,2024-02-08,Complete,0,,0.0,0,0.0
FUL-2024-0099,PO-2024-0110,WH-02,2024-11-05,2024-11-05,Complete,0,,0.0,0,0.0
FUL-2024-0100,PO-2024-0113,WH-03,2024-02-14,2024-02-14,Complete,0,,0.0,0,0.0
FUL-2024-0101,PO20240114,WH-04,2024-07-24,2024-07-24,Complete,0,,0.0,0,0.0
FUL-2024-0102,PO-2024-0115,WH-01,2024-05-06,2024-05-06,Returned,1,Quality issue,300.0,0,0.0
FUL-2024-0103,PO-2024-0116,WH-02,2024-02-11,2024-02-11,Complete,0,,0.0,0,0.0
FUL-2024-0104,PO-2024-0117,WH-03,2024-03-18,2024-03-18,Complete,0,,0.0,0,0.0
FUL-2024-0105,PO-2024-0118,wh-02,10/28/2024,2024-10-28,Complete,0,,0.0,0,0.0
FUL-2024-0106,PO-2024-0119,WH-03,2024-05-27,2024-05-27,Complete,0,,0.0,0,0.0
FUL-2024-0107,PO-2024-0120,WH-01,10/16/2024,2024-10-16,COMPLETE,0,,0.0,0,0.0
FUL-2024-0108,PO-2024-0121,WH-03,2024-02-08,2024-02-08,Complete,0,,0.0,0,0.0
FUL-2024-0109,PO-2024-0122,WH-03,2024-06-28,2024-06-28,Complete,0,,0.0,0,0.0
FUL-2024-0110,PO-2024-0123,WH-03,2024-12-21,2024-12-21,Complete,0,,0.0,0,
FUL-2024-0111,PO-2024-0124,WH-02,2024-06-27,2024-06-27,Complete,0,,0.0,0,0.0
FUL-2024-0112,PO-2024-0125,WH-01,2024-03-04,2024-03-04,Complete,0,,0.0,0,0.0
FUL-2024-0113,PO-2024-0126,WH-01,2024-08-06,2024-08-06,Complete,0,,0.0,0,0.0
FUL-2024-0114,PO-2024-0127,WH-02,2024-07-03,2024-07-03,Complete,0,,0.0,0,0.0
FUL-2024-0115,PO-2024-0128,WH-02,2024-06-08,2024-06-08,Complete,0,,0.0,0,0.0
FUL-2024-0116,PO-2024-0129,WH-03,2024-01-08,2024-01-08,Complete,0,,0.0,0,0.0
FUL-2024-0117,PO-2024-0130,WH-04,06-04-2024,2024-04-06,Complete,0,,0.0,0,0.0
FUL-2024-0118,PO-2024-0131,WH-01,2024-08-11,2024-08-11,Complete,0,,0.0,0,0.0
FUL-2024-0119,PO20240132,WH-03,2024-02-07,2024-02-07,Partial,0,,0.0,1,800.0
FUL-2024-0120,PO-2024-0133,WH03,2024-05-14,2024-05-14,Complete,0,,0.0,0,
FUL-2024-0121,PO-2024-0134,WH-01,11/17/2024,2024-11-17,Complete,0,,0.0,0,0.0
FUL-2024-0122,PO-2024-0135,WH-01,2024-08-23,2024-08-23,Complete,0,,0.0,0,0.0
FUL-2024-0123,PO-2024-0136,WH-04,2024-04-07,2024-04-07,Complete,0,,0.0,0,0.0
FUL-2024-0124,po-2024-0137,WH-01,2024-04-08,2024-04-08,Complete,0,,0.0,0,0.0
FUL-2024-0125,PO-2024-0138,WH-01,2024-10-05,2024-10-05,Complete,0,,0.0,0,0.0
FUL-2024-0126,PO-2024-0139,WH-01,2024-08-23,2024-08-23,Complete,0,,0.0,0,0.0
FUL-2024-0127,PO-2024-0140,WH-01,2024-11-30,2024-11-30,Complete,0,,0.0,0,0.0
FUL-2024-0128,PO-2024-0141,WH-01,03/30/2024,2024-03-30,Complete,0,,0.0,0,0.0
FUL-2024-0129,PO-2024-0142,WH-03,2024-07-18,2024-07-18,Complete,0,,0.0,0,0.0
FUL-2024-0130,PO-2024-0143,wh-04,2024-06-16,2024-06-16,Returned,1,Customer order cancellation,300.0,0,0.0
FUL-2024-0131,PO-2024-0144,WH-01,2024-08-08,2024-08-08,Complete,0,,0.0,0,0.0
FUL-2024-0132,PO-2024-0145,WH-02,2024-11-11,2024-11-11,Complete,0,,0.0,0,0.0
FUL-2024-0133,PO-2024-0146,wh-02,2025-01-05,2025-01-05,  Complete  ,0,,0.0,0,0.0
FUL-2024-0134,PO-2024-0147,wh-01,2024-12-05,2024-12-05,Complete,0,,0.0,0,0.0
FUL-2024-0135,PO-2024-0148,WH-04,2024-08-24,2024-08-24,Complete,0,,0.0,0,0.0
FUL-2024-0136,PO-2024-0149,WH-01,2024-09-08,2024-09-08,Complete,0,,0.0,0,0.0
FUL-2024-0137,PO-2024-0150,WH-01,2024-02-06,2024-02-06,complete,0,,0.0,0,0.0
FUL-2024-0138,PO-2024-0151,WH-02,2024-12-18,2024-12-18,complete,0,,-0.0,0,0.0
FUL-2024-0139,PO-2024-0152,WH-02,,2024-07-26,Complete,0,,0.0,0,0.0
FUL-2024-0140,PO-2024-0153,WH-04,2024-05-19,2024-05-19,Complete,0,,0.0,0,0.0
FUL-2024-0141,PO-2024-0154,WH-01,2024-02-08,2024-02-08,Complete,0,,0.0,0,0.0
FUL-2024-0142,PO-2024-0155,WH-01,,2024-07-22,Complete,0,,0.0,0,0.0
FUL-2024-0143,PO-2024-0156,WH-04,2024-07-31,2024-07-31,Complete,0,,-0.0,0,0.0
FUL-2024-0144,PO-2024-0158,WH-04,26-03-2024,2024-03-26,Partial,0,,0.0,1,
FUL-2024-0145,PO-2024-0160,WH-01,2024-06-21,2024-06-21,Complete,0,,0.0,0,0.0
FUL-2024-0146,PO-2024-0161,WH-03,2024-12-03,2024-12-03,Complete,0,,0.0,0,0.0
FUL-2024-0147,PO-2024-0162,WH-04,2024-01-31,2024-01-31,Complete,0,,0.0,0,0.0
FUL-2024-0148,PO-2024-0163,WH-03,2024-12-08,2024-12-08,Complete,0,,0.0,0,0.0
FUL-2024-0149,PO-2024-0164,WH01,2024-04-01,2024-04-01,  Complete  ,0,,0.0,0,0.0
FUL-2024-0150,PO-2024-0165,WH-02,2024-08-11,2024-08-11,Complete,0,,0.0,0,0.0
FUL-2024-0151,PO-2024-0166,WH02,18-08-2024,2024-08-18,Complete,0,,0.0,0,
FUL-2024-0152,PO-2024-0168,WH-01,2024-02-13,2024-02-13,Complete,0,,0.0,0,0.0
FUL-2024-0153,PO-2024-0169,WH-03,2024-01-31,2024-01-31,Complete,0,,0.0,0,0.0
FUL-2024-0154,PO-2024-0170,WH-01,2024-09-22,2024-09-22,Complete,0,,0.0,0,0.0
FUL-2024-0155,PO-2024-0171,WH-01,2024-03-08,2024-03-08,  Complete  ,0,,0.0,0,0.0
FUL-2024-0156,PO-2024-0172,WH-02,,2024-08-01,COMPLETE,0,,0.0,0,0.0
FUL-2024-0157,PO-2024-0173,WH-04,2024-03-21,2024-03-21,Complete,0,,0.0,0,0.0
FUL-2024-0158,PO-2024-0176,WH-01,02-02-2024,2024-02-02,Complete,0,,0.0,0,0.0
FUL-2024-0159,PO-2024-0177,WH-03,2024-10-23,2024-10-23,Complete,0,,0.0,0,0.0
FUL-2024-0160,PO-2024-0178,WH-01,2024-05-05,2024-05-05,Complete,0,,0.0,0,0.0
FUL-2024-0161,PO-2024-0179,WH-01,2024-08-23,2024-08-23,Complete,0,,0.0,0,0.0
FUL-2024-0162,PO-2024-0180,WH-02,2024-11-12,2024-11-12,Complete,0,,0.0,0,0.0
FUL-2024-0163,PO-2024-0181,WH-01,2024-05-31,2024-05-31,complete,0,,0.0,0,0.0
FUL-2024-0164,PO-2024-0182,WH-02,2024-05-05,2024-05-05,Complete,0,,0.0,0,0.0
FUL-2024-0165,PO-2024-0183,wh-03,2025-01-01,2025-01-01,Complete,0,,0.0,0,
FUL-2024-0166,PO-2024-0185,WH-01,2024-10-06,2024-10-06,Complete,0,,0.0,0,0.0
FUL-2024-0167,PO20240186,WH-04,2024-12-05,2024-12-05,Complete,0,,0.0,0,0.0
FUL-2024-0168,PO-2024-0187,WH-01,2024-08-21,2024-08-21,Complete,0,,0.0,0,0.0
FUL-2024-0169,PO-2024-0188,WH-02,2024-07-28,2024-07-28,Partial,0,,0.0,1,800.0
FUL-2024-0170,PO-2024-0190,WH-01,2024-09-24,2024-09-24,complete,0,,-0.0,0,0.0
FUL-2024-0171,PO-2024-0192,WH-04,2024-12-08,2024-12-08,Complete,0,,0.0,0,0.0
FUL-2024-0172,PO-2024-0193,WH-02,2024-06-11,2024-06-11,Complete,0,,0.0,0,0.0
FUL-2024-0173,PO-2024-0194,WH-01,2024-06-16,2024-06-16,Complete,0,,0.0,0,0.0
FUL-2024-0174,PO-2024-0195,WH-04,2024-05-15,2024-05-15,Partial,0,,0.0,1,800.0
FUL-2024-0175,PO-2024-0196,WH-03,2024-12-12,2024-12-12,Complete,0,,0.0,0,0.0
FUL-2024-0176,PO-2024-0197,WH-01,2024-08-13,2024-08-13,Complete,0,,0.0,0,0.0
FUL-2024-0177,PO-2024-0198,WH-03,2024-07-18,2024-07-18,Partial,0,,0.0,1,800.0
FUL-2024-0178,PO-2024-0199,WH-04,2024-12-11,2024-12-11,Complete,0,,0.0,0,0.0
FUL-2024-0179,PO-2024-0200,WH02,2024-11-04,2024-11-04,Complete,0,,0.0,0,0.0
FUL-2024-0180,PO-2024-0201,WH-02,2024-06-08,2024-06-08,Complete,0,,0.0,0,0.0
FUL-2024-0181,PO-2024-0202,WH-01,2024-02-07,2024-02-07,Complete,0,,0.0,0,0.0
FUL-2024-0182,PO-2024-0203,WH-02,2024-03-22,2024-03-22,Complete,0,,0.0,0,0.0
FUL-2024-0183,PO-2024-0204,WH01,12/05/2024,2024-12-05,Complete,0,,0.0,0,0.0
FUL-2024-0184,PO-2024-0206,WH-03,2024-05-17,2024-05-17,complete,0,,0.0,0,0.0
FUL-2024-0185,PO-2024-0209,WH-04,2024-12-18,2024-12-18,Returned,1,Customer order cancellation,300.0,0,0.0
FUL-2024-0186,PO-2024-0210,WH-04,2024-03-06,2024-03-06,Complete,0,,0.0,0,0.0
FUL-2024-0187,PO-2024-0211,WH-04,2024-10-22,2024-10-22,Complete,0,,0.0,0,0.0
FUL-2024-0188,PO-2024-0212,WH-01,2024-08-23,2024-08-23,Complete,0,,0.0,0,0.0
FUL-2024-0189,PO-2024-0213,WH-02,2024-10-24,2024-10-24,Complete,0,,0.0,0,0.0
FUL-2024-0190,PO-2024-0214,WH-01,2024-05-17,2024-05-17,Complete,0,,0.0,0,0.0
FUL-2024-0191,PO-2024-0215,wh-03,2024-05-20,2024-05-20,Complete,0,,0.0,0,0.0
FUL-2024-0192,PO-2024-0216,WH-01,2024-03-29,2024-03-29,Complete,0,,0.0,0,0.0
FUL-2024-0193,PO-2024-0217,WH-02,2024-11-27,2024-11-27,Complete,0,,0.0,0,0.0
FUL-2024-0194,PO-2024-0218,WH-02,2024-10-01,2024-10-01,Complete,0,,0.0,0,0.0
FUL-2024-0195,PO-2024-0219,WH-03,2024-10-02,2024-10-02,Partial,0,,0.0,1,800.0
FUL-2024-0196,PO-2024-0221,WH-01,2024-09-29,2024-09-29,Complete,0,,0.0,0,0.0
FUL-2024-0197,PO-2024-0222,WH-01,2024-05-11,2024-05-11,Complete,0,,-0.0,0,0.0
FUL-2024-0198,PO-2024-0223,WH-01,07/13/2024,2024-07-13,Complete,0,,0.0,0,0.0
FUL-2024-0199,PO-2024-0224,WH-01,2024-07-03,2024-07-03,COMPLETE,0,,0.0,0,0.0
FUL-2024-0200,PO-2024-0225,WH-01,2024-07-07,2024-07-07,Complete,0,,0.0,0,0.0
FUL-2024-0201,PO-2024-0226,WH-01,2024-08-09,2024-08-09,Complete,0,,0.0,0,0.0
FUL-2024-0202,PO-2024-0227,wh-01,2024-10-22,2024-10-22,  Complete  ,0,,0.0,0,0.0
FUL-2024-0203,PO-2024-0228,WH-03,2024-11-03,2024-11-03,Complete,0,,0.0,0,0.0
FUL-2024-0204,PO-2024-0229,WH-03,2024-12-30,2024-12-30,Complete,0,,0.0,0,0.0
FUL-2024-0205,PO-2024-0230,WH-01,2024-06-28,2024-06-28,Complete,0,,0.0,0,0.0
FUL-2024-0206,PO-2024-0231,WH-01,2024-03-03,2024-03-03,Complete,0,,0.0,0,0.0
FUL-2024-0207,PO-2024-0233,WH-02,2024-09-22,2024-09-22,Complete,0,,0.0,0,0.0
FUL-2024-0208,PO-2024-0234,WH-01,2024-05-03,2024-05-03,Complete,0,,0.0,0,0.0
FUL-2024-0209,PO-2024-0235,WH-03,2024-05-20,2024-05-20,Complete,0,,0.0,0,0.0
FUL-2024-0210,PO-2024-0236,WH-01,2024-12-23,2024-12-23,Complete,0,,0.0,0,0.0
FUL-2024-0211,PO-2024-0237,WH-01,2024-03-18,2024-03-18,Complete,0,,0.0,0,0.0
FUL-2024-0212,PO-2024-0238,WH-01,,2024-05-29,Complete,0,,0.0,0,0.0
FUL-2024-0213,PO-2024-0240,WH-02,2024-12-15,2024-12-15,Complete,0,,0.0,0,0.0
FUL-2024-0214,PO-2024-0241,WH-01,2024-09-02,2024-09-02,Complete,0,,0.0,0,0.0
FUL-2024-0215,PO-2024-0242,WH-02,2024-03-25,2024-03-25,Complete,0,,0.0,0,0.0
FUL-2024-0216,PO-2024-0243,WH-01,2024-03-02,2024-03-02,Complete,0,,0.0,0,0.0
FUL-2024-0217,PO-2024-0244,WH-01,2024-07-21,2024-07-21,Complete,0,,0.0,0,0.0
FUL-2024-0218,PO-2024-0245,WH-02,2025-01-07,2025-01-07,Complete,0,,0.0,0,0.0
FUL-2024-0219,PO-2024-0246,WH-03,2024-07-02,2024-07-02,Complete,0,,0.0,0,0.0
FUL-2024-0220,PO-2024-0247,WH-02,2024-03-02,2024-03-02,Complete,0,,-0.0,0,0.0
FUL-2024-0221,PO-2024-0248,WH-02,2024-04-28,2024-04-28,Complete,0,,0.0,0,0.0
FUL-2024-0222,PO-2024-0249,WH-01,05/13/2024,2024-05-13,  Complete  ,0,,0.0,0,0.0
FUL-2024-0223,PO-2024-0250,WH-01,2024-09-21,2024-09-21,Complete,0,,0.0,0,0.0
FUL-2024-0224,PO-2024-0251,WH-03,2024-02-05,2024-02-05,COMPLETE,0,,0.0,0,0.0
FUL-2024-0225,PO-2024-0252,WH-02,2024-04-13,2024-04-13,Complete,0,,0.0,0,0.0
FUL-2024-0226,PO-2024-0253,WH-01,2024-10-30,2024-10-30,Returned,1,Damaged goods,300.0,0,0.0
FUL-2024-0227,PO-2024-0254,WH-01,,2024-04-26,Complete,0,,0.0,0,0.0
FUL-2024-0228,PO-2024-0255,WH-02,2024-05-07,2024-05-07,Complete,0,,0.0,0,0.0
FUL-2024-0229,PO-2024-0256,WH-01,2024-11-19,2024-11-19,Complete,0,,0.0,0,0.0
FUL-2024-0230,PO-2024-0257,WH-02,,2024-02-24,Returned,1,Damaged goods,300.0,0,0.0
FUL-2024-0231,PO-2024-0258,WH-01,,2024-02-10,Complete,0,,0.0,0,0.0
FUL-2024-0232,PO-2024-0259,WH-01,2024-10-21,2024-10-21,Complete,0,,0.0,0,0.0
FUL-2024-0233,PO-2024-0260,WH-01,2024-10-01,2024-10-01,Complete,0,,0.0,0,0.0
FUL-2024-0234,PO-2024-0262,WH-01,2024-07-19,2024-07-19,Complete,0,,0.0,0,0.0
FUL-2024-0235,PO-2024-0263,WH-03,2024-10-13,2024-10-13,complete,0,,0.0,0,0.0
FUL-2024-0236,PO-2024-0264,WH-02,2024-07-24,2024-07-24,Returned,1,Expired product,300.0,0,0.0
FUL-2024-0237,PO-2024-0265,WH-03,,2024-04-03,Returned,1,Expired product,300.0,0,0.0
FUL-2024-0238,PO-2024-0266,WH-03,2024-06-06,2024-06-06,Complete,0,,0.0,0,0.0
FUL-2024-0239,PO-2024-0267,WH-01,2024-12-04,2024-12-04,Complete,0,,0.0,0,0.0
FUL-2024-0240,PO-2024-0268,WH-01,2024-07-16,2024-07-16,Complete,0,,0.0,0,0.0
FUL-2024-0241,PO-2024-0270,WH-01,2024-06-15,2024-06-15,Complete,0,,0.0,0,0.0
FUL-2024-0242,PO20240271,WH-04,2024-03-28,2024-03-28,COMPLETE,0,,0.0,0,0.0
FUL-2024-0243,PO-2024-0272,WH-02,2024-04-07,2024-04-07,Complete,0,,0.0,0,0.0
FUL-2024-0244,PO-2024-0273,WH-01,2024-05-21,2024-05-21,Complete,0,,0.0,0,0.0
FUL-2024-0245,PO-2024-0274,WH-04,2024-09-02,2024-09-02,Complete,0,,0.0,0,0.0
FUL-2024-0246,PO-2024-0275,WH-04,,2024-03-20,Complete,0,,0.0,0,0.0
FUL-2024-0247,PO-2024-0277,WH-02,2024-09-28,2024-09-28,Complete,0,,0.0,0,0.0
FUL-2024-0248,PO-2024-0278,WH-01,2024-08-09,2024-08-09,COMPLETE,0,,0.0,0,0.0
FUL-2024-0249,PO20240279,WH01,2024-04-16,2024-04-16,Complete,0,,0.0,0,0.0
FUL-2024-0250,PO-2024-0280,WH-03,2024-06-04,2024-06-04,Complete,0,,0.0,0,0.0
FUL-2024-0251,PO-2024-0281,WH-01,2024-12-20,2024-12-20,complete,0,,0.0,0,0.0
FUL-2024-0252,PO-2024-0282,WH-03,,2024-01-27,Complete,0,,0.0,0,0.0
FUL-2024-0253,PO20240283,WH-01,2024-02-05,2024-02-05,Complete,0,,0.0,0,0.0
FUL-2024-0254,PO-2024-0284,WH-01,2024-04-07,2024-04-07,Complete,0,,0.0,0,0.0
FUL-2024-0255,PO-2024-0285,WH-02,2024-03-23,2024-03-23,Complete,0,,0.0,0,0.0
FUL-2024-0256,PO-2024-0287,wh-03,2024-07-31,2024-07-31,Complete,0,,0.0,0,0.0
FUL-2024-0257,PO-2024-0288,WH-01,2024-02-15,2024-02-15,Complete,0,,0.0,0,0.0
FUL-2024-0258,PO-2024-0289,WH-04,2024-04-25,2024-04-25,Partial,0,,0.0,1,800.0
FUL-2024-0259,PO-2024-0290,WH-04,2024-09-11,2024-09-11,Complete,0,,0.0,0,0.0
FUL-2024-0260,PO-2024-0291,WH-01,09-12-2024,2024-12-09,Complete,0,,0.0,0,0.0
FUL-2024-0261,PO-2024-0292,WH-01,26-01-2024,2024-01-26,complete,0,,0.0,0,0.0
FUL-2024-0262,PO-2024-0293,WH-01,2024-07-11,2024-07-11,Complete,0,,0.0,0,0.0
FUL-2024-0263,PO-2024-0294,WH-02,2024-12-26,2024-12-26,Complete,0,,0.0,0,0.0
FUL-2024-0264,PO-2024-0295,WH-01,2024-10-05,2024-10-05,Complete,0,,0.0,0,0.0
FUL-2024-0265,PO-2024-0296,WH-01,2024-10-27,2024-10-27,Complete,0,,0.0,0,0.0
FUL-2024-0266,PO-2024-0297,WH-03,2024-12-23,2024-12-23,Complete,0,,0.0,0,0.0
FUL-2024-0267,po-2024-0298,WH-01,2024-03-26,2024-03-26,Complete,0,,0.0,0,0.0
FUL-2024-0268,PO-2024-0299,WH-04,2024-03-26,2024-03-26,Complete,0,,0.0,0,0.0
FUL-2024-0269,PO-2024-0300,WH-03,2024-06-10,2024-06-10,Complete,0,,0.0,0,0.0
FUL-2024-0270,PO-2024-0302,WH-01,2024-03-01,2024-03-01,Complete,0,,0.0,0,0.0
FUL-2024-0271,PO-2024-0303,WH-01,2024-11-10,2024-11-10,  Complete  ,0,,0.0,0,0.0
FUL-2024-0272,PO-2024-0304,WH-01,2024-10-24,2024-10-24,Complete,0,,0.0,0,0.0
FUL-2024-0273,PO-2024-0305,WH-02,2024-09-11,2024-09-11,Complete,0,,0.0,0,0.0
FUL-2024-0274,PO-2024-0306,WH-03,2024-12-23,2024-12-23,Complete,0,,0.0,0,0.0
FUL-2024-0275,PO-2024-0307,WH-01,2025-01-11,2025-01-11,Complete,0,,0.0,0,0.0
FUL-2024-0276,PO-2024-0308,WH-04,2024-11-03,2024-11-03,Partial,0,,0.0,1,800.0
FUL-2024-0277,PO20240309,wh-04,2024-11-18,2024-11-18,Complete,0,,0.0,0,0.0
FUL-2024-0278,PO-2024-0310,WH-02,2024-04-24,2024-04-24,Complete,0,,0.0,0,0.0
FUL-2024-0279,PO-2024-0312,WH-04,2024-06-24,2024-06-24,Partial,0,,0.0,1,800.0
FUL-2024-0280,PO-2024-0313,WH-02,13-12-2024,2024-12-13,Complete,0,,0.0,0,0.0
FUL-2024-0281,po-2024-0314,WH-02,08/29/2024,2024-08-29,Partial,0,,0.0,1,800.0
FUL-2024-0282,PO-2024-0315,WH02,2024-09-14,2024-09-14,complete,0,,0.0,0,0.0
FUL-2024-0283,PO-2024-0316,WH-01,2024-04-04,2024-04-04,Complete,0,,0.0,0,0.0
FUL-2024-0284,PO-2024-0317,WH-03,26-08-2024,2024-08-26,Complete,0,,0.0,0,0.0
FUL-2024-0285,PO-2024-0318,WH-02,2024-10-02,2024-10-02,Complete,0,,0.0,0,0.0
FUL-2024-0286,PO-2024-0319,WH-04,2024-01-30,2024-01-30,Complete,0,,0.0,0,0.0
FUL-2024-0287,PO-2024-0320,WH-01,2024-05-09,2024-05-09,Complete,0,,0.0,0,
FUL-2024-0288,PO-2024-0321,WH-02,,2024-09-22,  COMPLETE  ,0,,0.0,0,0.0
FUL-2024-0289,PO-2024-0322,WH-02,2024-11-09,2024-11-09,Complete,0,,0.0,0,
FUL-2024-0290,PO-2024-0323,WH-04,2024-03-04,2024-03-04,Complete,0,,0.0,0,0.0
FUL-2024-0291,PO-2024-0324,WH-04,2024-12-08,2024-12-08,  Returned  ,1,Expired product,300.0,0,0.0
FUL-2024-0292,PO-2024-0325,WH-01,2024-01-28,2024-01-28,Complete,0,,0.0,0,
FUL-2024-0293,PO-2024-0326,WH-02,2025-01-14,2025-01-14,  Complete  ,0,,0.0,0,0.0
FUL-2024-0294,po-2024-0327,WH-01,2024-06-22,2024-06-22,Partial,0,,0.0,1,800.0
FUL-2024-0295,PO-2024-0328,WH-02,05-07-2024,2024-07-05,Complete,0,,0.0,0,0.0
FUL-2024-0296,PO-2024-0329,WH-02,2024-07-21,2024-07-21,Partial,0,,0.0,1,800.0
FUL-2024-0297,PO-2024-0330,WH-01,02/24/2024,2024-02-24,Complete,0,,0.0,0,0.0
FUL-2024-0298,PO-2024-0331,WH-04,2024-07-20,2024-07-20,Complete,0,,0.0,0,0.0
FUL-2024-0299,PO-2024-0332,WH-04,2024-10-05,2024-10-05,Complete,0,,0.0,0,0.0
FUL-2024-0300,PO-2024-0333,WH-02,2024-02-27,2024-02-27,partial,0,,0.0,1,
FUL-2024-0301,PO-2024-0334,WH-01,2024-02-08,2024-02-08,Complete,0,,0.0,0,0.0
FUL-2024-0302,PO-2024-0335,WH-02,2024-11-22,2024-11-22,Returned,1,Damaged goods,300.0,0,0.0
FUL-2024-0303,PO-2024-0336,WH-01,2024-10-27,2024-10-27,Complete,0,,0.0,0,0.0
FUL-2024-0304,PO-2024-0337,WH03,2024-04-29,2024-04-29,Complete,0,,0.0,0,0.0
FUL-2024-0305,PO-2024-0338,WH-04,12/18/2024,2024-12-18,Complete,0,,-0.0,0,0.0
FUL-2024-0306,PO-2024-0339,WH-02,2024-03-01,2024-03-01,Complete,0,,0.0,0,0.0
FUL-2024-0307,PO-2024-0340,WH-03,2024-08-16,2024-08-16,COMPLETE,0,,0.0,0,
FUL-2024-0308,PO-2024-0342,WH-01,2024-12-22,2024-12-22,COMPLETE,0,,0.0,0,0.0
FUL-2024-0309,PO-2024-0343,WH-01,2024-08-07,2024-08-07,Complete,0,,0.0,0,0.0
FUL-2024-0310,PO-2024-0344,WH-04,,2024-03-05,Complete,0,,0.0,0,0.0
FUL-2024-0311,PO-2024-0345,WH-02,2024-10-12,2024-10-12,Complete,0,,0.0,0,0.0
FUL-2024-0312,PO-2024-0346,WH01,2024-02-22,2024-02-22,Complete,0,,0.0,0,0.0
FUL-2024-0313,PO-2024-0347,WH-01,06/27/2024,2024-06-27,COMPLETE,0,,0.0,0,0.0
FUL-2024-0314,PO-2024-0348,WH-01,2024-12-22,2024-12-22,Complete,0,,0.0,0,0.0
FUL-2024-0315,PO-2024-0349,WH-03,2024-03-05,2024-03-05,Complete,0,,0.0,0,0.0
FUL-2024-0316,PO-2024-0350,WH-03,2024-12-01,2024-12-01,Complete,0,,0.0,0,0.0
FUL-2024-0317,PO-2024-0351,WH-01,2024-12-19,2024-12-19,Complete,0,,0.0,0,0.0
FUL-2024-0318,PO-2024-0352,WH-04,2024-03-01,2024-03-01,Complete,0,,0.0,0,0.0
FUL-2024-0319,PO-2024-0353,WH-04,2024-12-12,2024-12-12,  Partial  ,0,,0.0,1,800.0
FUL-2024-0320,PO-2024-0354,WH-03,18-01-2025,2025-01-18,  Complete  ,0,,0.0,0,0.0
FUL-2024-0321,PO-2024-0355,WH-04,,2024-05-18,Complete,0,,0.0,0,0.0
FUL-2024-0322,PO20240356,WH-02,2024-08-09,2024-08-09,Complete,0,,0.0,0,0.0
FUL-2024-0323,PO-2024-0358,WH-01,2024-11-13,2024-11-13,complete,0,,0.0,0,0.0
FUL-2024-0324,PO-2024-0359,WH-02,2024-04-16,2024-04-16,Complete,0,,0.0,0,0.0
FUL-2024-0325,PO-2024-0360,WH-03,2024-12-27,2024-12-27,Complete,0,,0.0,0,0.0
FUL-2024-0326,PO-2024-0361,WH-01,2024-07-14,2024-07-14,Complete,0,,0.0,0,0.0
FUL-2024-0327,PO-2024-0362,WH-04,,2024-07-24,Complete,0,,0.0,0,0.0
FUL-2024-0328,PO-2024-0363,WH-03,2024-03-03,2024-03-03,Complete,0,,0.0,0,0.0
FUL-2024-0329,PO-2024-0364,WH-02,2024-10-30,2024-10-30,Complete,0,,0.0,0,0.0
FUL-2024-0330,PO-2024-0365,WH-02,2024-08-02,2024-08-02,Complete,0,,0.0,0,0.0
FUL-2024-0331,PO-2024-0366,WH-01,31-05-2024,2024-05-31,Complete,0,,0.0,0,0.0
FUL-2024-0332,PO-2024-0367,WH-03,2024-06-02,2024-06-02,complete,0,,0.0,0,0.0
FUL-2024-0333,PO-2024-0368,wh-01,,2024-09-20,Complete,0,,0.0,0,0.0
FUL-2024-0334,PO-2024-0369,WH-03,2024-04-03,2024-04-03,Complete,0,,0.0,0,0.0
FUL-2024-0335,PO-2024-0370,WH-01,2024-10-10,2024-10-10,Complete,0,,0.0,0,0.0
FUL-2024-0336,PO-2024-0372,WH-01,2024-10-23,2024-10-23,Complete,0,,0.0,0,0.0
FUL-2024-0337,PO-2024-0373,WH-01,2025-01-19,2025-01-19,Complete,0,,0.0,0,0.0
FUL-2024-0338,PO-2024-0374,WH-04,11/08/2024,2024-11-08,Complete,0,,0.0,0,0.0
FUL-2024-0339,PO-2024-0375,WH-01,2024-06-20,2024-06-20,Complete,0,,0.0,0,0.0
FUL-2024-0340,PO-2024-0376,WH-01,2024-09-10,2024-09-10,Complete,0,,0.0,0,0.0
FUL-2024-0341,PO-2024-0377,WH-02,2024-02-06,2024-02-06,Complete,0,,0.0,0,0.0
FUL-2024-0342,PO20240378,WH-03,2024-11-18,2024-11-18,  Complete  ,0,,0.0,0,0.0
FUL-2024-0343,PO-2024-0379,WH-02,29-08-2024,2024-08-29,Complete,0,,0.0,0,0.0
FUL-2024-0344,PO-2024-0380,WH-01,2024-11-20,2024-11-20,  Complete  ,0,,0.0,0,0.0
FUL-2024-0345,PO-2024-0381,WH-02,06/02/2024,2024-06-02,Complete,0,,0.0,0,0.0
FUL-2024-0346,PO-2024-0382,WH-01,2025-01-28,2025-01-28,Complete,0,,0.0,0,0.0
FUL-2024-0347,PO-2024-0383,WH01,2024-04-10,2024-04-10,Complete,0,,0.0,0,0.0
FUL-2024-0348,PO-2024-0385,WH-01,2024-01-28,2024-01-28,Complete,0,,0.0,0,0.0
FUL-2024-0349,PO-2024-0387,WH-02,2024-08-22,2024-08-22,Complete,0,,0.0,0,0.0
FUL-2024-0350,PO-2024-0388,WH-01,2024-05-18,2024-05-18,Complete,0,,0.0,0,0.0
FUL-2024-0351,PO-2024-0389,WH-04,2024-05-06,2024-05-06,Complete,0,,0.0,0,0.0
FUL-2024-0352,PO20240390,WH-01,2024-08-08,2024-08-08,Partial,0,,0.0,1,800.0
FUL-2024-0353,PO-2024-0391,WH-02,,2024-08-25,Partial,0,,0.0,1,800.0
FUL-2024-0354,PO-2024-0392,WH-01,2024-11-02,2024-11-02,Complete,0,,0.0,0,0.0
FUL-2024-0355,PO-2024-0393,WH-01,2025-01-02,2025-01-02,Complete,0,,0.0,0,0.0
FUL-2024-0356,PO-2024-0394,WH-01,2024-07-02,2024-07-02,Complete,0,,0.0,0,0.0
FUL-2024-0357,PO-2024-0395,WH-03,2024-12-18,2024-12-18,Partial,0,,0.0,1,800.0
FUL-2024-0358,PO-2024-0396,WH02,2024-05-05,2024-05-05,Complete,0,,-0.0,0,0.0
FUL-2024-0359,PO-2024-0397,WH-02,2024-03-31,2024-03-31,Complete,0,,0.0,0,0.0
FUL-2024-0360,PO-2024-0399,WH-03,2024-12-11,2024-12-11,Complete,0,,0.0,0,0.0
FUL-2024-0361,PO-2024-0400,WH-02,2024-04-13,2024-04-13,Complete,0,,0.0,0,0.0
FUL-2024-0362,PO-2024-0401,WH-02,,2024-04-25,Complete,0,,0.0,0,0.0
FUL-2024-0363,PO-2024-0402,WH-01,2024-06-29,2024-06-29,Complete,0,,0.0,0,0.0
FUL-2024-0364,PO-2024-0403,WH-02,2024-08-06,2024-08-06,Complete,0,,0.0,0,0.0
FUL-2024-0365,PO-2024-0404,WH-01,12/27/2024,2024-12-27,Complete,0,,0.0,0,0.0
FUL-2024-0366,PO-2024-0405,WH-03,20-07-2024,2024-07-20,Returned,1,Excess quantity sent,300.0,0,0.0
FUL-2024-0367,PO-2024-0406,WH-02,2024-01-23,2024-01-23,Complete,0,,0.0,0,0.0
FUL-2024-0368,PO-2024-0407,WH-02,2024-05-03,2024-05-03,COMPLETE,0,,0.0,0,0.0
FUL-2024-0369,PO-2024-0408,WH-02,2024-07-25,2024-07-25,  Complete  ,0,,0.0,0,0.0
FUL-2024-0370,PO-2024-0409,WH-03,08/01/2024,2024-08-01,Complete,0,,0.0,0,0.0
FUL-2024-0371,PO-2024-0410,WH-03,2024-05-20,2024-05-20,Complete,0,,0.0,0,0.0
FUL-2024-0372,PO-2024-0412,WH04,10-01-2025,2025-01-10,  Complete  ,0,,0.0,0,0.0
FUL-2024-0373,PO-2024-0413,WH-01,2024-02-08,2024-02-08,Complete,0,,0.0,0,0.0
FUL-2024-0374,PO-2024-0414,WH-02,05-11-2024,2024-11-05,Complete,0,,0.0,0,0.0
FUL-2024-0375,PO-2024-0415,WH-01,2024-04-26,2024-04-26,Complete,0,,0.0,0,0.0
FUL-2024-0376,PO-2024-0416,WH-02,2024-02-08,2024-02-08,Complete,0,,0.0,0,0.0
FUL-2024-0377,PO-2024-0417,WH-01,2024-10-16,2024-10-16,Complete,0,,0.0,0,0.0
FUL-2024-0378,PO-2024-0418,WH-04,15-04-2024,2024-04-15,Partial,0,,0.0,1,800.0
FUL-2024-0379,PO-2024-0419,WH-01,2024-04-12,2024-04-12,Complete,0,,0.0,0,0.0
FUL-2024-0380,PO-2024-0420,WH-02,2024-12-06,2024-12-06,Complete,0,,0.0,0,0.0
FUL-2024-0381,PO-2024-0421,WH-02,2024-10-29,2024-10-29,Complete,0,,0.0,0,0.0
FUL-2024-0382,PO-2024-0422,WH-02,2024-01-30,2024-01-30,Complete,0,,0.0,0,0.0
FUL-2024-0383,PO-2024-0423,WH-01,2025-01-08,2025-01-08,Complete,0,,0.0,0,0.0
FUL-2024-0384,PO-2024-0424,WH-01,2024-02-20,2024-02-20,Complete,0,,0.0,0,0.0
FUL-2024-0385,PO-2024-0425,WH-02,2024-06-27,2024-06-27,Complete,0,,0.0,0,0.0
FUL-2024-0386,PO-2024-0426,WH-02,02/27/2024,2024-02-27,Complete,0,,0.0,0,0.0
FUL-2024-0387,PO-2024-0427,WH-01,28-05-2024,2024-05-28,Complete,0,,0.0,0,0.0
FUL-2024-0388,PO-2024-0428,WH-02,2024-07-19,2024-07-19,complete,0,,0.0,0,0.0
FUL-2024-0389,PO-2024-0429,WH-03,2024-03-17,2024-03-17,Partial,0,,0.0,1,800.0
FUL-2024-0390,PO-2024-0431,WH-01,2024-10-02,2024-10-02,Complete,0,,0.0,0,0.0
FUL-2024-0391,PO-2024-0432,WH-01,2024-04-18,2024-04-18,complete,0,,0.0,0,0.0
FUL-2024-0392,PO-2024-0433,WH-04,15-10-2024,2024-10-15,returned,1,Quality issue,300.0,0,0.0
FUL-2024-0393,PO-2024-0434,WH-01,2024-05-25,2024-05-25,Complete,0,,0.0,0,0.0
FUL-2024-0394,PO-2024-0435,WH-02,2024-09-04,2024-09-04,Complete,0,,0.0,0,0.0
FUL-2024-0395,PO-2024-0436,WH-03,26-02-2024,2024-02-26,Complete,0,,0.0,0,0.0
FUL-2024-0396,PO-2024-0437,WH-01,03/25/2024,2024-03-25,Partial,0,,0.0,1,800.0
FUL-2024-0397,PO-2024-0438,WH-01,2024-08-07,2024-08-07,Complete,0,,0.0,0,0.0
FUL-2024-0398,po-2024-0439,WH-04,2024-01-26,2024-01-26,Complete,0,,0.0,0,0.0
FUL-2024-0399,PO-2024-0440,WH-01,2024-08-15,2024-08-15,Complete,0,,0.0,0,0.0
FUL-2024-0400,PO-2024-0441,WH-03,,2024-12-18,Partial,0,,0.0,1,800.0
FUL-2024-0401,PO-2024-0442,WH-01,15-06-2024,2024-06-15,Complete,0,,0.0,0,0.0
FUL-2024-0402,PO-2024-0443,WH-01,09/10/2024,2024-09-10,Complete,0,,0.0,0,0.0
FUL-2024-0403,PO-2024-0444,WH-01,2024-02-24,2024-02-24,Complete,0,,0.0,0,0.0
FUL-2024-0404,PO-2024-0447,WH-01,2024-08-27,2024-08-27,Complete,0,,0.0,0,0.0
FUL-2024-0405,PO-2024-0448,WH-04,05/03/2024,2024-05-03,Complete,0,,0.0,0,0.0
FUL-2024-0406,PO-2024-0449,WH-01,2024-09-20,2024-09-20,Complete,0,,0.0,0,0.0
FUL-2024-0407,PO-2024-0451,WH-01,2024-02-06,2024-02-06,Complete,0,,0.0,0,0.0
FUL-2024-0408,PO-2024-0452,WH-04,2024-09-02,2024-09-02,Complete,0,,0.0,0,0.0
FUL-2024-0409,PO-2024-0453,WH-03,2024-09-09,2024-09-09,Partial,0,,0.0,1,800.0
FUL-2024-0410,po-2024-0454,WH-01,2024-04-05,2024-04-05,Complete,0,,0.0,0,0.0
FUL-2024-0411,PO-2024-0455,WH-01,2024-03-03,2024-03-03,Complete,0,,0.0,0,0.0
FUL-2024-0412,PO-2024-0457,WH-01,19-03-2024,2024-03-19,Complete,0,,0.0,0,0.0
FUL-2024-0413,PO-2024-0458,WH-02,2024-02-29,2024-02-29,Complete,0,,0.0,0,0.0
FUL-2024-0414,PO-2024-0459,WH-02,2024-04-29,2024-04-29,  PARTIAL  ,0,,0.0,1,800.0
FUL-2024-0415,PO-2024-0460,wh-01,2024-11-07,2024-11-07,Complete,0,,0.0,0,
FUL-2024-0416,PO-2024-0461,WH-02,2024-04-01,2024-04-01,Complete,0,,0.0,0,0.0
FUL-2024-0417,PO-2024-0462,WH-03,2024-10-22,2024-10-22,complete,0,,0.0,0,0.0
FUL-2024-0418,PO-2024-0463,WH-01,2024-03-02,2024-03-02,Complete,0,,0.0,0,0.0
FUL-2024-0419,PO-2024-0464,WH-02,2024-05-12,2024-05-12,Complete,0,,0.0,0,0.0
FUL-2024-0420,PO-2024-0465,WH-01,2024-09-11,2024-09-11,Complete,0,,0.0,0,0.0
FUL-2024-0421,PO-2024-0466,WH-02,2024-03-09,2024-03-09,Complete,0,,0.0,0,0.0
FUL-2024-0422,PO-2024-0467,WH-02,2024-12-04,2024-12-04,Complete,0,,0.0,0,0.0
FUL-2024-0423,PO-2024-0468,WH-01,03/26/2024,2024-03-26,  Complete  ,0,,0.0,0,0.0
FUL-2024-0424,PO-2024-0469,WH-02,2024-02-07,2024-02-07,Complete,0,,0.0,0,0.0
FUL-2024-0425,PO-2024-0471,WH01,2024-02-11,2024-02-11,Complete,0,,0.0,0,0.0
FUL-2024-0426,PO-2024-0472,wh-04,2024-04-01,2024-04-01,Complete,0,,0.0,0,0.0
FUL-2024-0427,po-2024-0473,WH-01,12-02-2024,2024-02-12,Partial,0,,0.0,1,800.0
FUL-2024-0428,PO-2024-0474,WH-02,2024-03-08,2024-03-08,Complete,0,,0.0,0,0.0
FUL-2024-0429,PO-2024-0475,WH-01,2024-08-30,2024-08-30,Complete,0,,0.0,0,0.0
FUL-2024-0430,PO-2024-0476,WH-04,2024-12-24,2024-12-24,Complete,0,,0.0,0,0.0
FUL-2024-0431,PO-2024-0477,WH-01,2024-08-06,2024-08-06,  Complete  ,0,,0.0,0,0.0
FUL-2024-0432,PO-2024-0479,WH-03,2024-06-11,2024-06-11,COMPLETE,0,,0.0,0,0.0
FUL-2024-0433,PO-2024-0480,WH-02,2024-06-13,2024-06-13,Complete,0,,0.0,0,0.0
FUL-2024-0434,PO-2024-0481,WH-02,,2024-03-01,Partial,0,,0.0,1,800.0
FUL-2024-0435,PO-2024-0482,WH-02,2024-02-10,2024-02-10,Complete,0,,0.0,0,0.0
FUL-2024-0436,PO-2024-0483,WH-01,2024-12-10,2024-12-10,Complete,0,,0.0,0,0.0
FUL-2024-0437,PO-2024-0484,WH-01,2024-01-23,2024-01-23,Complete,0,,0.0,0,0.0
FUL-2024-0438,PO-2024-0486,WH-01,10/09/2024,2024-10-09,Partial,0,,0.0,1,800.0
FUL-2024-0439,PO-2024-0487,WH-01,11/03/2024,2024-11-03,Complete,0,,0.0,0,0.0
FUL-2024-0440,PO-2024-0488,wh-02,2024-03-31,2024-03-31,Complete,0,,0.0,0,0.0
FUL-2024-0441,PO-2024-0489,WH-02,2024-11-10,2024-11-10,Complete,0,,0.0,0,0.0
FUL-2024-0442,PO-2024-0490,WH01,2024-07-18,2024-07-18,complete,0,,-0.0,0,0.0
FUL-2024-0443,PO-2024-0491,WH-01,2024-09-12,2024-09-12,Complete,0,,0.0,0,0.0
FUL-2024-0444,PO-2024-0492,WH-01,2024-04-12,2024-04-12,  Complete  ,0,,0.0,0,0.0
FUL-2024-0445,PO-2024-0494,WH-02,2024-06-02,2024-06-02,Complete,0,,0.0,0,0.0
FUL-2024-0446,PO-2024-0495,WH-02,2024-08-13,2024-08-13,Complete,0,,0.0,0,0.0
FUL-2024-0447,PO-2024-0496,WH-01,2024-05-26,2024-05-26,Complete,0,,0.0,0,0.0
FUL-2024-0448,PO-2024-0497,WH-01,2024-04-22,2024-04-22,Complete,0,,0.0,0,0.0
FUL-2024-0449,PO-2024-0498,WH-01,2024-09-09,2024-09-09,  Complete  ,0,,0.0,0,0.0
FUL-2024-0450,PO-2024-0499,WH-01,2024-02-22,2024-02-22,Complete,0,,0.0,0,0.0
FUL-2024-0451,PO-2024-0500,WH-01,16-07-2024,2024-07-16,Complete,0,,0.0,0,0.0
FUL-2024-0452,PO-2024-0501,WH02,2024-04-01,2024-04-01,Complete,0,,0.0,0,0.0
FUL-2024-0453,PO-2024-0502,WH-01,07/01/2024,2024-07-01,Complete,0,,0.0,0,0.0
FUL-2024-0454,PO-2024-0503,WH-02,2024-12-22,2024-12-22,Complete,0,,0.0,0,0.0
FUL-2024-0455,PO-2024-0504,WH-01,2024-03-26,2024-03-26,COMPLETE,0,,0.0,0,0.0
FUL-2024-0456,PO-2024-0505,WH-04,2024-10-29,2024-10-29,Complete,0,,0.0,0,0.0
FUL-2024-0457,PO-2024-0506,wh-01,2024-05-10,2024-05-10,Complete,0,,0.0,0,0.0
FUL-2024-0458,PO-2024-0507,WH-04,2024-11-10,2024-11-10,Complete,0,,0.0,0,
FUL-2024-0459,PO-2024-0508,WH-01,2024-11-09,2024-11-09,Complete,0,,0.0,0,0.0
FUL-2024-0460,PO-2024-0509,WH-02,2024-04-22,2024-04-22,Complete,0,,0.0,0,0.0
FUL-2024-0461,PO-2024-0510,WH-03,04/09/2024,2024-04-09,Partial,0,,-0.0,1,800.0
FUL-2024-0462,PO-2024-0511,WH-01,2024-04-17,2024-04-17,Complete,0,,0.0,0,0.0
FUL-2024-0463,PO-2024-0512,WH-04,2024-04-25,2024-04-25,Complete,0,,0.0,0,0.0
FUL-2024-0464,PO-2024-0513,WH01,2024-06-19,2024-06-19,Complete,0,,0.0,0,0.0
FUL-2024-0465,PO-2024-0514,WH-01,2024-12-12,2024-12-12,complete,0,,0.0,0,0.0
FUL-2024-0466,PO-2024-0515,WH-04,10/19/2024,2024-10-19,COMPLETE,0,,0.0,0,0.0
FUL-2024-0467,PO-2024-0516,WH-01,2024-03-18,2024-03-18,Complete,0,,0.0,0,0.0
FUL-2024-0468,PO-2024-0517,WH01,2024-06-04,2024-06-04,  Complete  ,0,,0.0,0,
FUL-2024-0469,PO-2024-0518,WH-01,2024-10-12,2024-10-12,Complete,0,,0.0,0,0.0
FUL-2024-0470,PO-2024-0519,WH-02,09-10-2024,2024-10-09,Partial,0,,0.0,1,
FUL-2024-0471,PO-2024-0520,WH-03,2025-01-30,2025-01-30,Complete,0,,0.0,0,0.0
FUL-2024-0472,PO-2024-0521,WH-03,2024-11-18,2024-11-18,Complete,0,,0.0,0,0.0
FUL-2024-0473,PO-2024-0523,WH-01,2024-08-08,2024-08-08,Complete,0,,0.0,0,0.0
FUL-2024-0474,PO-2024-0524,WH-01,04/08/2024,2024-04-08,Complete,0,,0.0,0,0.0
FUL-2024-0475,PO-2024-0526,WH-02,2024-06-07,2024-06-07,Complete,0,,0.0,0,0.0
FUL-2024-0476,PO-2024-0527,WH-01,2024-04-16,2024-04-16,Complete,0,,0.0,0,0.0
FUL-2024-0477,PO-2024-0528,WH-01,2024-04-06,2024-04-06,COMPLETE,0,,0.0,0,0.0
FUL-2024-0478,PO-2024-0530,WH-02,2024-07-06,2024-07-06,Complete,0,,0.0,0,0.0
FUL-2024-0479,PO-2024-0531,WH-03,2024-09-20,2024-09-20,Complete,0,,0.0,0,0.0
FUL-2024-0480,PO-2024-0532,WH-01,2024-10-29,2024-10-29,Partial,0,,0.0,1,800.0
FUL-2024-0481,PO-2024-0533,WH-01,2024-08-30,2024-08-30,Complete,0,,0.0,0,0.0
FUL-2024-0482,PO-2024-0534,WH02,2024-10-09,2024-10-09,Returned,1,Wrong product delivered,300.0,0,0.0
FUL-2024-0483,PO-2024-0536,WH-02,2024-11-15,2024-11-15,Complete,0,,0.0,0,0.0
FUL-2024-0484,PO20240537,WH-02,2024-06-04,2024-06-04,complete,0,,0.0,0,0.0
FUL-2024-0485,PO-2024-0538,WH02,,2024-03-12,complete,0,,0.0,0,0.0
FUL-2024-0486,PO-2024-0539,WH-03,2025-01-04,2025-01-04,Complete,0,,0.0,0,0.0
FUL-2024-0487,PO-2024-0540,WH-01,2025-01-13,2025-01-13,Complete,0,,0.0,0,0.0
FUL-2024-0488,PO-2024-0541,WH-01,2024-03-15,2024-03-15,Complete,0,,0.0,0,0.0
FUL-2024-0489,PO-2024-0542,WH-03,2024-10-15,2024-10-15,Complete,0,,0.0,0,0.0
FUL-2024-0490,PO-2024-0543,WH-01,2024-01-30,2024-01-30,Complete,0,,0.0,0,0.0
FUL-2024-0491,PO-2024-0544,WH-01,2024-05-01,2024-05-01,Complete,0,,0.0,0,0.0
FUL-2024-0492,PO-2024-0545,WH-01,,2024-08-02,COMPLETE,0,,0.0,0,0.0
FUL-2024-0493,PO-2024-0546,WH-02,2024-09-12,2024-09-12,Returned,1,Damaged goods,300.0,0,0.0
FUL-2024-0494,PO-2024-0547,WH-03,2024-06-28,2024-06-28,Partial,0,,0.0,1,800.0
FUL-2024-0495,PO-2024-0548,WH-01,2024-11-26,2024-11-26,Complete,0,,0.0,0,0.0
FUL-2024-0496,PO-2024-0549,WH-02,2025-01-24,2025-01-24,Complete,0,,0.0,0,0.0
FUL-2024-0497,PO-2024-0550,WH-03,2024-11-24,2024-11-24,Partial,0,,0.0,1,800.0
FUL-2024-0498,PO-2024-0551,WH-02,2024-07-31,2024-07-31,Returned,1,Excess quantity sent,300.0,0,0.0
FUL-2024-0499,PO-2024-0552,WH-04,2024-06-04,2024-06-04,  COMPLETE  ,0,,0.0,0,0.0
FUL-2024-0500,PO-2024-0554,WH-01,2024-03-08,2024-03-08,Complete,0,,0.0,0,0.0
FUL-2024-0501,PO-2024-0556,WH-04,2024-03-31,2024-03-31,Returned,1,Wrong product delivered,-300.0,0,0.0
FUL-2024-0502,PO-2024-0557,WH-01,2024-05-12,2024-05-12,Complete,0,,0.0,0,0.0
FUL-2024-0503,PO-2024-0558,WH-02,2024-03-08,2024-03-08,  Complete  ,0,,0.0,0,0.0
FUL-2024-0504,PO-2024-0559,WH-01,29-07-2024,2024-07-29,complete,0,,0.0,0,0.0
FUL-2024-0505,PO20240560,WH-01,2024-09-14,2024-09-14,Complete,0,,0.0,0,0.0
FUL-2024-0506,PO-2024-0561,WH-01,2024-03-31,2024-03-31,Complete,0,,0.0,0,0.0
FUL-2024-0507,PO-2024-0563,WH-01,2024-02-16,2024-02-16,Complete,0,,-0.0,0,0.0
FUL-2024-0508,PO-2024-0565,WH-01,2024-12-27,2024-12-27,Complete,0,,0.0,0,0.0
FUL-2024-0509,PO-2024-0566,WH-04,2024-06-29,2024-06-29,Complete,0,,0.0,0,0.0
FUL-2024-0510,PO-2024-0567,WH-04,2025-01-11,2025-01-11,Complete,0,,0.0,0,0.0
FUL-2024-0511,PO-2024-0568,WH-02,2024-05-06,2024-05-06,  Complete  ,0,,0.0,0,0.0
FUL-2024-0512,PO-2024-0569,WH-01,08/19/2024,2024-08-19,  Complete  ,0,,0.0,0,0.0
FUL-2024-0513,PO-2024-0570,WH-02,12/05/2024,2024-12-05,complete,0,,0.0,0,0.0
FUL-2024-0514,PO-2024-0572,WH-01,2024-11-01,2024-11-01,Complete,0,,0.0,0,0.0
FUL-2024-0515,PO-2024-0573,WH-03,2024-05-15,2024-05-15,Complete,0,,0.0,0,0.0
FUL-2024-0516,PO-2024-0574,WH-02,2024-10-18,2024-10-18,Complete,0,,0.0,0,0.0
FUL-2024-0517,PO-2024-0575,WH-01,2024-11-18,2024-11-18,Complete,0,,0.0,0,0.0
FUL-2024-0518,PO-2024-0576,WH-03,2024-01-30,2024-01-30,Partial,0,,0.0,1,800.0
FUL-2024-0519,PO-2024-0577,WH01,01/13/2024,2024-01-13,Complete,0,,0.0,0,0.0
FUL-2024-0520,PO-2024-0578,WH-03,,2025-01-14,Complete,0,,0.0,0,0.0
FUL-2024-0521,PO-2024-0579,WH-01,2024-07-24,2024-07-24,Complete,0,,0.0,0,0.0
FUL-2024-0522,PO-2024-0580,WH-03,06/04/2024,2024-06-04,Returned,1,Damaged goods,300.0,0,0.0
FUL-2024-0523,PO-2024-0581,WH-01,2024-10-18,2024-10-18,Complete,0,,0.0,0,0.0
FUL-2024-0524,PO-2024-0583,WH-01,06-09-2024,2024-09-06,Complete,0,,0.0,0,0.0
FUL-2024-0525,PO-2024-0584,WH-02,2024-04-22,2024-04-22,Complete,0,,0.0,0,0.0
FUL-2024-0526,PO-2024-0585,WH-03,2024-08-17,2024-08-17,Complete,0,,0.0,0,0.0
FUL-2024-0527,PO-2024-0586,WH-01,2024-03-16,2024-03-16,Returned,1,Expired product,300.0,0,0.0
FUL-2024-0528,po-2024-0587,WH-01,2024-04-21,2024-04-21,Complete,0,,0.0,0,0.0
FUL-2024-0529,PO-2024-0589,WH-03,2024-06-28,2024-06-28,Partial,0,,0.0,1,800.0
FUL-2024-0530,PO-2024-0590,WH-02,2024-11-22,2024-11-22,Partial,0,,0.0,1,800.0
FUL-2024-0531,PO-2024-0591,WH-02,09/03/2024,2024-09-03,Complete,0,,0.0,0,0.0
FUL-2024-0532,PO-2024-0592,WH-03,2024-03-06,2024-03-06,Complete,0,,0.0,0,0.0
FUL-2024-0533,PO-2024-0593,WH-02,2024-10-15,2024-10-15,Complete,0,,0.0,0,0.0
FUL-2024-0534,PO-2024-0594,WH-03,2024-01-20,2024-01-20,Complete,0,,0.0,0,0.0
FUL-2024-0535,PO20240595,WH-01,2024-06-08,2024-06-08,Complete,0,,0.0,0,0.0
FUL-2024-0536,PO-2024-0597,WH-01,2024-06-09,2024-06-09,Complete,0,,0.0,0,0.0
FUL-2024-0537,PO-2024-0598,WH-01,2024-03-11,2024-03-11,Complete,0,,0.0,0,
FUL-2024-0538,PO-2024-0599,WH-03,2024-10-10,2024-10-10,Complete,0,,0.0,0,0.0
FUL-2024-0539,PO-2024-0600,WH-03,04/26/2024,2024-04-26,Complete,0,,0.0,0,0.0
FUL-2024-0540,PO-2024-0601,WH-01,2024-05-01,2024-05-01,Complete,0,,0.0,0,0.0
FUL-2024-0541,PO-2024-0603,WH03,2024-09-05,2024-09-05,Complete,0,,0.0,0,0.0
FUL-2024-0542,PO-2024-0604,WH-02,2024-11-11,2024-11-11,Partial,0,,0.0,1,800.0
FUL-2024-0543,PO-2024-0605,WH-03,2024-04-26,2024-04-26,Complete,0,,0.0,0,0.0
FUL-2024-0544,PO-2024-0606,WH-01,2024-02-24,2024-02-24,Complete,0,,0.0,0,0.0
FUL-2024-0545,PO-2024-0607,WH-03,2024-10-01,2024-10-01,Complete,0,,0.0,0,0.0
FUL-2024-0546,PO-2024-0608,WH-02,2024-03-01,2024-03-01,PARTIAL,0,,0.0,1,800.0
FUL-2024-0547,PO-2024-0609,WH-01,2024-05-27,2024-05-27,Complete,0,,0.0,0,0.0
FUL-2024-0548,PO-2024-0610,WH-03,2024-02-28,2024-02-28,Partial,0,,0.0,1,800.0
FUL-2024-0549,PO-2024-0611,WH-01,2024-11-16,2024-11-16,Complete,0,,0.0,0,0.0
FUL-2024-0550,PO-2024-0612,WH-01,2024-02-29,2024-02-29,Complete,0,,0.0,0,0.0
FUL-2024-0551,PO-2024-0613,WH-03,2024-05-06,2024-05-06,Complete,0,,0.0,0,
FUL-2024-0552,PO-2024-0614,WH-01,2024-04-21,2024-04-21,Complete,0,,0.0,0,0.0
FUL-2024-0553,PO-2024-0615,WH-01,,2024-04-08,Complete,0,,0.0,0,0.0
FUL-2024-0554,PO-2024-0616,WH-04,2024-12-24,2024-12-24,Complete,0,,0.0,0,0.0
FUL-2024-0555,PO-2024-0617,WH-01,2024-11-23,2024-11-23,Complete,0,,0.0,0,0.0
FUL-2024-0556,PO-2024-0618,WH-03,2024-11-30,2024-11-30,Complete,0,,0.0,0,0.0
FUL-2024-0557,PO-2024-0620,WH-01,2024-05-13,2024-05-13,Complete,0,,0.0,0,0.0
FUL-2024-0558,PO-2024-0621,WH-01,11/13/2024,2024-11-13,Complete,0,,0.0,0,
FUL-2024-0559,PO-2024-0622,WH-01,2024-05-05,2024-05-05,Complete,0,,0.0,0,0.0
FUL-2024-0560,PO-2024-0623,WH-01,2024-05-07,2024-05-07,Complete,0,,0.0,0,0.0
FUL-2024-0561,PO-2024-0624,WH-02,,2024-04-30,Complete,0,,0.0,0,0.0
FUL-2024-0562,PO-2024-0625,WH-02,2024-03-08,2024-03-08,  Complete  ,0,,0.0,0,0.0
FUL-2024-0563,PO-2024-0626,WH-01,2025-01-06,2025-01-06,Complete,0,,0.0,0,0.0
FUL-2024-0564,PO-2024-0627,WH-01,2024-08-22,2024-08-22,Complete,0,,0.0,0,0.0
FUL-2024-0565,PO-2024-0628,WH-02,,2024-06-06,Complete,0,,0.0,0,0.0
FUL-2024-0566,PO20240629,WH-01,,2024-11-13,Complete,0,,0.0,0,0.0
FUL-2024-0567,PO-2024-0630,WH-01,2024-05-14,2024-05-14,Complete,0,,0.0,0,0.0
FUL-2024-0568,PO-2024-0631,WH-03,2024-05-14,2024-05-14,Complete,0,,0.0,0,0.0
FUL-2024-0569,PO-2024-0632,WH-02,2024-11-05,2024-11-05,Complete,0,,0.0,0,0.0
FUL-2024-0570,PO-2024-0633,WH-01,2024-02-03,2024-02-03,complete,0,,0.0,0,0.0
FUL-2024-0571,PO-2024-0634,WH-03,2024-06-03,2024-06-03,Partial,0,,0.0,1,800.0
FUL-2024-0572,PO-2024-0637,WH-01,2024-10-05,2024-10-05,Complete,0,,0.0,0,0.0
FUL-2024-0573,PO-2024-0639,WH-01,2024-08-23,2024-08-23,Complete,0,,0.0,0,0.0
FUL-2024-0574,PO-2024-0640,WH-03,2024-08-14,2024-08-14,Complete,0,,0.0,0,0.0
FUL-2024-0575,PO-2024-0641,WH-01,2025-01-29,2025-01-29,Complete,0,,0.0,0,0.0
FUL-2024-0576,PO-2024-0642,WH-03,2024-09-18,2024-09-18,Complete,0,,0.0,0,0.0
FUL-2024-0577,PO-2024-0643,WH-02,2025-01-13,2025-01-13,COMPLETE,0,,0.0,0,0.0
FUL-2024-0578,PO-2024-0644,WH-03,2024-11-25,2024-11-25,Complete,0,,0.0,0,0.0
FUL-2024-0579,PO-2024-0645,WH-02,2024-09-07,2024-09-07,Returned,1,Customer order cancellation,300.0,0,0.0
FUL-2024-0580,PO-2024-0646,WH-03,2024-02-18,2024-02-18,Complete,0,,0.0,0,0.0
FUL-2024-0581,PO-2024-0647,WH-04,2024-12-18,2024-12-18,Complete,0,,0.0,0,0.0
FUL-2024-0582,PO-2024-0648,WH-02,2024-07-07,2024-07-07,Complete,0,,0.0,0,0.0
FUL-2024-0583,PO-2024-0649,WH-02,2024-10-12,2024-10-12,Complete,0,,0.0,0,0.0
FUL-2024-0584,PO-2024-0650,WH-04,2024-10-28,2024-10-28,Partial,0,,0.0,1,800.0
FUL-2024-0585,PO-2024-0651,WH-02,2024-10-21,2024-10-21,  returned  ,1,Excess quantity sent,300.0,0,0.0
FUL-2024-0586,PO-2024-0652,WH-04,01/04/2025,2025-01-04,Complete,0,,0.0,0,0.0
FUL-2024-0587,PO-2024-0653,WH-01,2024-02-23,2024-02-23,Complete,0,,0.0,0,0.0
FUL-2024-0588,PO-2024-0654,WH-03,2024-06-27,2024-06-27,complete,0,,0.0,0,0.0
FUL-2024-0589,PO-2024-0655,WH-02,2024-08-17,2024-08-17,Complete,0,,0.0,0,0.0
FUL-2024-0590,PO-2024-0656,WH-03,2024-09-06,2024-09-06,  Complete  ,0,,0.0,0,0.0
FUL-2024-0591,PO-2024-0657,WH-03,2024-04-06,2024-04-06,Complete,0,,0.0,0,0.0
FUL-2024-0592,PO-2024-0658,WH-04,2024-05-05,2024-05-05,Complete,0,,0.0,0,0.0
FUL-2024-0593,PO-2024-0660,WH-02,2024-08-21,2024-08-21,Complete,0,,0.0,0,0.0
FUL-2024-0594,PO-2024-0662,WH-03,,2024-03-17,Partial,0,,0.0,1,800.0
FUL-2024-0595,PO-2024-0664,WH02,2024-12-02,2024-12-02,Partial,0,,0.0,1,800.0
FUL-2024-0596,PO-2024-0665,WH-02,2024-04-11,2024-04-11,Complete,0,,0.0,0,0.0
FUL-2024-0597,PO-2024-0667,WH-03,2024-08-30,2024-08-30,Complete,0,,0.0,0,0.0
FUL-2024-0598,PO-2024-0668,WH-03,2024-06-29,2024-06-29,COMPLETE,0,,0.0,0,0.0
FUL-2024-0599,PO-2024-0669,WH-01,2024-08-04,2024-08-04,Complete,0,,0.0,0,0.0
FUL-2024-0600,PO-2024-0670,WH-04,2024-11-24,2024-11-24,Complete,0,,0.0,0,0.0
FUL-2024-0601,PO-2024-0671,WH-02,2024-06-10,2024-06-10,Complete,0,,0.0,0,0.0
FUL-2024-0602,PO-2024-0672,WH-01,23-02-2024,2024-02-23,Complete,0,,0.0,0,0.0
FUL-2024-0603,PO-2024-0673,WH-02,2024-06-07,2024-06-07,  Complete  ,0,,0.0,0,0.0
FUL-2024-0604,PO-2024-0675,WH-04,2024-07-06,2024-07-06,Partial,0,,0.0,1,800.0
FUL-2024-0605,PO-2024-0676,WH-01,2024-11-06,2024-11-06,Complete,0,,0.0,0,0.0
FUL-2024-0606,PO20240677,WH-03,,2024-03-06,Complete,0,,0.0,0,0.0
FUL-2024-0607,PO-2024-0678,WH02,2024-12-03,2024-12-03,Complete,0,,0.0,0,0.0
FUL-2024-0608,PO-2024-0679,WH-01,2024-08-10,2024-08-10,Complete,0,,0.0,0,0.0
FUL-2024-0609,PO-2024-0682,WH-01,2025-01-05,2025-01-05,Complete,0,,0.0,0,0.0
FUL-2024-0610,PO-2024-0683,WH-01,2024-11-07,2024-11-07,Returned,1,Excess quantity sent,300.0,0,0.0
FUL-2024-0611,PO-2024-0684,WH-01,2024-08-10,2024-08-10,Complete,0,,0.0,0,0.0
FUL-2024-0612,PO-2024-0686,WH-03,2024-05-13,2024-05-13,Returned,1,,300.0,0,0.0
FUL-2024-0613,PO-2024-0687,WH-03,2024-06-28,2024-06-28,Complete,0,,0.0,0,0.0
FUL-2024-0614,PO-2024-0688,WH-04,2024-01-25,2024-01-25,Complete,0,,0.0,0,0.0
FUL-2024-0615,PO-2024-0689,WH-03,2024-11-09,2024-11-09,Complete,0,,0.0,0,0.0
FUL-2024-0616,PO-2024-0691,WH-03,07/02/2024,2024-07-02,Partial,0,,0.0,1,800.0
FUL-2024-0617,PO-2024-0692,WH-03,2025-01-06,2025-01-06,COMPLETE,0,,0.0,0,0.0
FUL-2024-0618,PO20240693,wh-02,2024-12-29,2024-12-29,Complete,0,,0.0,0,0.0
FUL-2024-0619,PO-2024-0694,WH-03,2024-04-02,2024-04-02,Returned,1,Excess quantity sent,300.0,0,0.0
FUL-2024-0620,PO-2024-0695,WH-04,2024-07-17,2024-07-17,complete,0,,0.0,0,0.0
FUL-2024-0621,PO-2024-0697,WH-04,2024-10-08,2024-10-08,Complete,0,,0.0,0,0.0
FUL-2024-0622,PO-2024-0698,WH-01,2024-10-09,2024-10-09,Complete,0,,0.0,0,0.0
FUL-2024-0623,PO-2024-0699,WH-02,2024-04-03,2024-04-03,complete,0,,0.0,0,0.0
FUL-2024-0624,PO-2024-0700,WH-01,2024-12-26,2024-12-26,Complete,0,,0.0,0,0.0
FUL-2024-0625,PO-2024-0702,WH-01,2024-02-10,2024-02-10,COMPLETE,0,,0.0,0,0.0
FUL-2024-0626,PO20240703,WH-01,2024-03-08,2024-03-08,complete,0,,0.0,0,0.0
FUL-2024-0627,PO-2024-0704,WH-01,2024-03-02,2024-03-02,Complete,0,,0.0,0,0.0
FUL-2024-0628,PO-2024-0705,WH-02,2024-05-11,2024-05-11,Complete,0,,0.0,0,0.0
FUL-2024-0629,PO-2024-0708,WH-01,10/03/2024,2024-10-03,Complete,0,,0.0,0,0.0
FUL-2024-0630,PO-2024-0709,WH-01,2024-09-04,2024-09-04,Complete,0,,0.0,0,0.0
FUL-2024-0631,PO-2024-0710,WH-02,2024-03-01,2024-03-01,Complete,0,,0.0,0,
FUL-2024-0632,PO-2024-0711,WH-01,2024-06-18,2024-06-18,  Complete  ,0,,0.0,0,0.0
FUL-2024-0633,PO-2024-0712,WH01,2024-12-30,2024-12-30,Complete,0,,0.0,0,0.0
FUL-2024-0634,PO-2024-0713,WH-02,2024-02-23,2024-02-23,  Returned  ,1,Quality issue,300.0,0,0.0
FUL-2024-0635,PO-2024-0714,WH-01,2024-09-08,2024-09-08,Complete,0,,0.0,0,0.0
FUL-2024-0636,PO-2024-0715,WH-01,2024-11-28,2024-11-28,Complete,0,,0.0,0,0.0
FUL-2024-0637,PO-2024-0716,WH-03,2024-10-17,2024-10-17,Complete,0,,0.0,0,0.0
FUL-2024-0638,PO-2024-0717,WH-04,,2024-01-12,Complete,0,,0.0,0,0.0
FUL-2024-0639,PO-2024-0718,WH-01,2024-12-10,2024-12-10,Complete,0,,0.0,0,
FUL-2024-0640,PO-2024-0719,WH-02,2024-09-07,2024-09-07,Complete,0,,0.0,0,0.0
FUL-2024-0641,PO-2024-0720,WH-03,11/03/2024,2024-11-03,Complete,0,,0.0,0,0.0
FUL-2024-0642,PO-2024-0721,WH-02,2024-02-26,2024-02-26,Complete,0,,0.0,0,0.0
FUL-2024-0643,PO-2024-0722,WH-01,21-03-2024,2024-03-21,COMPLETE,0,,0.0,0,0.0
FUL-2024-0644,PO-2024-0723,WH-02,2024-06-08,2024-06-08,Partial,0,,0.0,1,800.0
FUL-2024-0645,PO-2024-0724,WH-02,2024-04-22,2024-04-22,complete,0,,0.0,0,0.0
FUL-2024-0646,PO-2024-0725,WH01,2025-01-11,2025-01-11,Complete,0,,0.0,0,0.0
FUL-2024-0647,PO-2024-0726,WH-01,2024-08-07,2024-08-07,Partial,0,,0.0,1,800.0
FUL-2024-0648,PO-2024-0727,WH-01,2024-01-18,2024-01-18,Complete,0,,0.0,0,0.0
FUL-2024-0649,PO-2024-0728,WH-01,2024-09-21,2024-09-21,Complete,0,,0.0,0,0.0
FUL-2024-0650,PO-2024-0729,WH-01,2024-07-06,2024-07-06,COMPLETE,0,,0.0,0,0.0
FUL-2024-0651,po-2024-0730,WH-01,2024-12-20,2024-12-20,Complete,0,,0.0,0,0.0
FUL-2024-0652,PO-2024-0731,WH-01,2024-05-04,2024-05-04,Complete,0,,0.0,0,0.0
FUL-2024-0653,po-2024-0732,WH01,,2024-02-07,Complete,0,,0.0,0,0.0
FUL-2024-0654,PO-2024-0733,WH-03,2024-02-21,2024-02-21,Complete,0,,0.0,0,0.0
FUL-2024-0655,po-2024-0734,WH-01,09/21/2024,2024-09-21,Complete,0,,0.0,0,0.0
FUL-2024-0656,PO-2024-0736,WH-02,2024-02-04,2024-02-04,Complete,0,,0.0,0,0.0
FUL-2024-0657,PO-2024-0737,WH-01,2024-12-17,2024-12-17,Complete,0,,0.0,0,0.0
FUL-2024-0658,PO-2024-0738,WH-01,2024-09-13,2024-09-13,Complete,0,,0.0,0,0.0
FUL-2024-0659,PO-2024-0739,WH-01,2024-04-09,2024-04-09,Complete,0,,0.0,0,0.0
FUL-2024-0660,PO-2024-0741,WH-03,2024-01-15,2024-01-15,COMPLETE,0,,0.0,0,0.0
FUL-2024-0661,PO-2024-0742,WH-02,2024-12-30,2024-12-30,Complete,0,,0.0,0,0.0
FUL-2024-0662,PO-2024-0743,WH-02,2024-02-24,2024-02-24,complete,0,,0.0,0,0.0
FUL-2024-0663,PO-2024-0744,WH-01,2024-03-10,2024-03-10,Complete,0,,0.0,0,0.0
FUL-2024-0664,PO-2024-0745,WH-01,2024-09-17,2024-09-17,Complete,0,,0.0,0,0.0
FUL-2024-0665,PO-2024-0746,WH-02,2024-09-30,2024-09-30,Complete,0,,0.0,0,0.0
FUL-2024-0666,PO-2024-0747,WH-04,2024-05-25,2024-05-25,Complete,0,,0.0,0,0.0
FUL-2024-0667,PO-2024-0748,WH-04,2024-08-12,2024-08-12,Complete,0,,0.0,0,0.0
FUL-2024-0668,PO-2024-0749,WH-04,2024-08-27,2024-08-27,complete,0,,0.0,0,0.0
FUL-2024-0669,PO-2024-0751,WH-02,2024-12-06,2024-12-06,Complete,0,,0.0,0,0.0
FUL-2024-0670,PO-2024-0752,WH-01,2024-08-08,2024-08-08,Complete,0,,0.0,0,0.0
FUL-2024-0671,PO-2024-0753,WH-01,,2024-02-20,Complete,0,,0.0,0,0.0
FUL-2024-0672,PO-2024-0754,WH-01,2024-09-06,2024-09-06,Complete,0,,0.0,0,0.0
FUL-2024-0673,PO-2024-0755,wh-01,2024-03-19,2024-03-19,Complete,0,,0.0,0,0.0
FUL-2024-0674,PO20240757,WH-02,2024-08-17,2024-08-17,Complete,0,,0.0,0,0.0
FUL-2024-0675,PO-2024-0758,WH-03,2024-02-05,2024-02-05,Complete,0,,0.0,0,0.0
FUL-2024-0676,PO-2024-0759,WH-02,2024-01-24,2024-01-24,Complete,0,,0.0,0,0.0
FUL-2024-0677,PO-2024-0760,WH-03,2024-08-02,2024-08-02,Complete,0,,0.0,0,0.0
FUL-2024-0678,PO-2024-0761,WH-04,2024-07-12,2024-07-12,COMPLETE,0,,0.0,0,0.0
FUL-2024-0679,PO-2024-0763,WH-02,2024-02-07,2024-02-07,COMPLETE,0,,0.0,0,0.0
FUL-2024-0680,PO-2024-0764,WH-01,2024-08-14,2024-08-14,Complete,0,,0.0,0,0.0
FUL-2024-0681,PO-2024-0765,WH-01,2024-06-12,2024-06-12,Complete,0,,0.0,0,0.0
FUL-2024-0682,PO-2024-0766,WH-04,2024-10-17,2024-10-17,Complete,0,,0.0,0,0.0
FUL-2024-0683,PO-2024-0767,WH-01,2024-02-25,2024-02-25,Complete,0,,0.0,0,0.0
FUL-2024-0684,PO-2024-0768,WH-02,2024-05-31,2024-05-31,Complete,0,,0.0,0,0.0
FUL-2024-0685,PO-2024-0769,WH-04,2024-01-27,2024-01-27,Complete,0,,0.0,0,0.0
FUL-2024-0686,PO-2024-0770,WH-03,2024-09-24,2024-09-24,Complete,0,,0.0,0,0.0
FUL-2024-0687,PO-2024-0771,WH-01,2024-09-07,2024-09-07,COMPLETE,0,,0.0,0,0.0
FUL-2024-0688,PO-2024-0772,WH-04,2024-09-14,2024-09-14,Complete,0,,0.0,0,0.0
FUL-2024-0689,PO-2024-0773,WH-01,2024-03-08,2024-03-08,Complete,0,,0.0,0,0.0
FUL-2024-0690,PO-2024-0775,WH-01,2024-01-25,2024-01-25,Complete,0,,0.0,0,0.0
FUL-2024-0691,PO-2024-0776,WH-02,2025-01-25,2025-01-25,Complete,0,,0.0,0,0.0
FUL-2024-0692,PO-2024-0777,WH-03,2024-10-07,2024-10-07,Complete,0,,0.0,0,0.0
FUL-2024-0693,PO-2024-0778,WH04,2024-04-29,2024-04-29,Complete,0,,0.0,0,0.0
FUL-2024-0694,PO-2024-0780,WH-04,,2024-05-07,Returned,1,Quality issue,300.0,0,0.0
FUL-2024-0695,PO-2024-0781,WH-03,2024-02-03,2024-02-03,PARTIAL,0,,0.0,1,800.0
FUL-2024-0696,PO-2024-0782,WH-01,2024-04-06,2024-04-06,Complete,0,,0.0,0,
FUL-2024-0697,PO-2024-0783,WH-04,2024-02-04,2024-02-04,Partial,0,,0.0,1,800.0
FUL-2024-0698,PO-2024-0784,WH-02,2024-12-24,2024-12-24,Complete,0,,0.0,0,0.0
FUL-2024-0699,PO-2024-0785,WH-01,2024-11-05,2024-11-05,Complete,0,,0.0,0,0.0
FUL-2024-0700,PO-2024-0787,WH-03,2024-05-04,2024-05-04,Partial,0,,0.0,1,800.0
FUL-2024-0701,PO-2024-0788,WH01,2024-06-26,2024-06-26,Complete,0,,0.0,0,0.0
FUL-2024-0702,PO-2024-0789,WH-02,2024-09-29,2024-09-29,Complete,0,,0.0,0,0.0
FUL-2024-0703,PO-2024-0790,WH-01,2024-07-13,2024-07-13,Complete,0,,0.0,0,0.0
FUL-2024-0704,PO-2024-0791,WH-01,2024-08-20,2024-08-20,Complete,0,,0.0,0,0.0
FUL-2024-0705,PO-2024-0793,WH-01,2024-03-23,2024-03-23,Complete,0,,0.0,0,0.0
FUL-2024-0706,PO-2024-0794,WH-02,2024-09-05,2024-09-05,complete,0,,0.0,0,0.0
FUL-2024-0707,PO-2024-0795,WH-01,2024-05-03,2024-05-03,  Complete  ,0,,0.0,0,
FUL-2024-0708,PO-2024-0796,WH-01,2024-04-14,2024-04-14,Complete,0,,0.0,0,0.0
FUL-2024-0709,PO-2024-0797,WH-02,2024-06-19,2024-06-19,Complete,0,,0.0,0,0.0
FUL-2024-0710,PO-2024-0798,WH-01,2025-01-05,2025-01-05,Complete,0,,0.0,0,0.0
FUL-2024-0711,PO-2024-0799,WH-02,11/04/2024,2024-11-04,  COMPLETE  ,0,,0.0,0,0.0
FUL-2024-0712,PO-2024-0800,WH-03,2024-07-15,2024-07-15,Complete,0,,0.0,0,0.0
FUL-2024-0713,PO-2024-0801,WH-03,2024-01-29,2024-01-29,Returned,1,Excess quantity sent,300.0,0,0.0
FUL-2024-0714,PO-2024-0802,WH-01,2024-03-24,2024-03-24,Returned,1,Wrong product delivered,300.0,0,0.0
FUL-2024-0715,PO-2024-0804,WH-03,2024-10-17,2024-10-17,Complete,0,,0.0,0,0.0
FUL-2024-0716,PO-2024-0805,WH-01,2024-10-18,2024-10-18,Complete,0,,0.0,0,
FUL-2024-0717,PO-2024-0806,WH-04,2024-08-07,2024-08-07,Complete,0,,0.0,0,0.0
FUL-2024-0718,PO-2024-0807,WH-01,2024-10-03,2024-10-03,Complete,0,,0.0,0,0.0
FUL-2024-0719,PO-2024-0809,WH-03,2024-12-29,2024-12-29,complete,0,,0.0,0,0.0
FUL-2024-0720,PO-2024-0810,WH-01,2024-06-30,2024-06-30,Complete,0,,0.0,0,0.0
FUL-2024-0721,PO-2024-0811,WH-02,2024-05-14,2024-05-14,Complete,0,,0.0,0,0.0
FUL-2024-0722,PO-2024-0812,WH-02,2024-06-08,2024-06-08,Complete,0,,0.0,0,0.0
FUL-2024-0723,PO20240813,WH02,2024-12-09,2024-12-09,Complete,0,,0.0,0,0.0
FUL-2024-0724,PO-2024-0814,WH-02,09/23/2024,2024-09-23,COMPLETE,0,,0.0,0,0.0
FUL-2024-0725,PO-2024-0815,WH-03,2024-08-28,2024-08-28,Returned,1,Customer order cancellation,300.0,0,0.0
FUL-2024-0726,PO-2024-0816,WH-02,2024-07-06,2024-07-06,Complete,0,,0.0,0,0.0
FUL-2024-0727,PO-2024-0818,WH-02,2024-08-17,2024-08-17,Complete,0,,0.0,0,0.0
FUL-2024-0728,PO-2024-0819,WH01,2024-07-29,2024-07-29,Complete,0,,0.0,0,0.0
FUL-2024-0729,PO-2024-0820,wh-03,27-01-2024,2024-01-27,Complete,0,,0.0,0,0.0
FUL-2024-0730,PO-2024-0822,WH-03,2024-03-13,2024-03-13,Complete,0,,0.0,0,0.0
FUL-2024-0731,PO-2024-0823,WH-02,2024-01-14,2024-01-14,  Returned  ,1,Damaged goods,300.0,0,0.0
FUL-2024-0732,PO-2024-0824,WH-01,2024-07-03,2024-07-03,Complete,0,,0.0,0,0.0
FUL-2024-0733,po-2024-0825,WH-04,05/12/2024,2024-05-12,Complete,0,,0.0,0,0.0
FUL-2024-0734,PO-2024-0826,WH-02,2024-02-27,2024-02-27,Complete,0,,0.0,0,0.0
FUL-2024-0735,PO-2024-0827,WH-01,2024-08-12,2024-08-12,complete,0,,0.0,0,0.0
FUL-2024-0736,po-2024-0828,WH-01,2025-01-24,2025-01-24,Returned,1,Customer order cancellation,300.0,0,0.0
FUL-2024-0737,PO-2024-0829,WH-04,2024-06-21,2024-06-21,Returned,1,Excess quantity sent,300.0,0,0.0
FUL-2024-0738,PO20240830,WH-04,2025-01-07,2025-01-07,Complete,0,,0.0,0,0.0
FUL-2024-0739,PO-2024-0831,WH-02,2024-01-28,2024-01-28,Complete,0,,0.0,0,0.0
FUL-2024-0740,PO-2024-0832,WH-03,2024-09-14,2024-09-14,Complete,0,,0.0,0,0.0
FUL-2024-0741,PO-2024-0833,WH-01,2024-01-23,2024-01-23,COMPLETE,0,,0.0,0,0.0
FUL-2024-0742,PO-2024-0835,WH-03,2024-12-26,2024-12-26,Returned,1,Quality issue,300.0,0,0.0
FUL-2024-0743,PO-2024-0836,WH-01,2024-07-29,2024-07-29,Complete,0,,0.0,0,0.0
FUL-2024-0744,PO-2024-0837,WH-01,2024-09-14,2024-09-14,Complete,0,,0.0,0,0.0
FUL-2024-0745,PO-2024-0838,WH-01,08/16/2024,2024-08-16,Partial,0,,0.0,1,800.0
FUL-2024-0746,PO-2024-0840,WH-01,2024-07-26,2024-07-26,Complete,0,,0.0,0,0.0
FUL-2024-0747,PO-2024-0841,WH-01,2024-02-25,2024-02-25,Complete,0,,0.0,0,0.0
FUL-2024-0748,PO-2024-0842,WH-01,2024-08-28,2024-08-28,  Complete  ,0,,0.0,0,
FUL-2024-0749,PO-2024-0844,WH-01,2024-08-14,2024-08-14,Complete,0,,0.0,0,0.0
FUL-2024-0750,PO-2024-0845,WH-02,2024-03-11,2024-03-11,Complete,0,,0.0,0,0.0
FUL-2024-0751,PO-2024-0846,WH-04,2024-05-08,2024-05-08,Complete,0,,0.0,0,
FUL-2024-0752,PO-2024-0849,WH-02,2024-10-21,2024-10-21,Complete,0,,0.0,0,0.0
FUL-2024-0753,PO-2024-0850,WH-01,2024-10-22,2024-10-22,Complete,0,,0.0,0,0.0
FUL-2024-0754,PO-2024-0851,WH02,2024-11-07,2024-11-07,Complete,0,,0.0,0,0.0
FUL-2024-0755,PO-2024-0852,WH-04,2024-08-13,2024-08-13,Complete,0,,0.0,0,0.0
FUL-2024-0756,PO-2024-0853,WH-03,2024-02-18,2024-02-18,Complete,0,,0.0,0,0.0
FUL-2024-0757,PO-2024-0854,WH-02,2024-04-17,2024-04-17,Complete,0,,0.0,0,0.0
FUL-2024-0758,PO-2024-0855,WH-02,2024-12-07,2024-12-07,Returned,1,Excess quantity sent,300.0,0,0.0
FUL-2024-0759,PO-2024-0856,WH-01,2024-12-13,2024-12-13,Complete,0,,0.0,0,0.0
FUL-2024-0760,PO-2024-0858,WH-03,2024-11-30,2024-11-30,Complete,0,,0.0,0,0.0
FUL-2024-0761,PO-2024-0859,WH-02,2024-04-16,2024-04-16,Complete,0,,0.0,0,0.0
FUL-2024-0762,PO-2024-0861,WH-02,2024-04-03,2024-04-03,Complete,0,,0.0,0,0.0
FUL-2024-0763,PO-2024-0862,WH-03,2024-04-22,2024-04-22,Returned,1,Damaged goods,300.0,0,0.0
FUL-2024-0764,PO-2024-0863,WH01,2024-10-04,2024-10-04,Complete,0,,0.0,0,0.0
FUL-2024-0765,PO-2024-0864,WH-01,2024-02-03,2024-02-03,Complete,0,,0.0,0,0.0
FUL-2024-0766,PO-2024-0865,wh-02,2024-12-24,2024-12-24,Complete,0,,0.0,0,0.0
FUL-2024-0767,po-2024-0867,WH-01,2024-04-20,2024-04-20,Complete,0,,0.0,0,0.0
FUL-2024-0768,PO-2024-0868,WH-01,2024-03-22,2024-03-22,Complete,0,,0.0,0,0.0
FUL-2024-0769,PO-2024-0869,WH-03,2024-07-14,2024-07-14,Complete,0,,0.0,0,0.0
FUL-2024-0770,PO-2024-0871,WH-01,2024-12-14,2024-12-14,Complete,0,,0.0,0,0.0
FUL-2024-0771,PO-2024-0872,WH03,2024-12-12,2024-12-12,Complete,0,,0.0,0,0.0
FUL-2024-0772,PO-2024-0873,WH-02,2024-12-20,2024-12-20,COMPLETE,0,,0.0,0,0.0
FUL-2024-0773,PO-2024-0874,WH-03,2024-02-29,2024-02-29,Partial,0,,0.0,1,800.0
FUL-2024-0774,PO-2024-0875,WH-01,08/25/2024,2024-08-25,Complete,0,,0.0,0,0.0
FUL-2024-0775,PO-2024-0876,WH-03,2024-09-05,2024-09-05,Complete,0,,0.0,0,0.0
FUL-2024-0776,PO-2024-0877,WH-03,2024-06-06,2024-06-06,  Complete  ,0,,0.0,0,0.0
FUL-2024-0777,PO-2024-0878,WH-01,2024-01-31,2024-01-31,Returned,1,Excess quantity sent,300.0,0,0.0
FUL-2024-0778,PO-2024-0879,WH-01,2024-09-02,2024-09-02,Complete,0,,0.0,0,0.0
FUL-2024-0779,PO-2024-0880,WH-01,2024-11-30,2024-11-30,Complete,0,,0.0,0,0.0
FUL-2024-0780,PO-2024-0881,WH-01,2024-07-03,2024-07-03,Complete,0,,0.0,0,0.0
FUL-2024-0781,PO-2024-0882,WH-02,2024-10-24,2024-10-24,Complete,0,,0.0,0,0.0
FUL-2024-0782,PO-2024-0883,WH-01,2024-04-19,2024-04-19,Complete,0,,0.0,0,0.0
FUL-2024-0783,PO-2024-0884,WH-01,2025-01-22,2025-01-22,Complete,0,,0.0,0,0.0
FUL-2024-0784,PO-2024-0885,WH-01,2024-05-29,2024-05-29,Complete,0,,0.0,0,
FUL-2024-0785,PO-2024-0886,WH-01,2024-06-18,2024-06-18,complete,0,,0.0,0,0.0
FUL-2024-0786,PO-2024-0887,WH-01,2024-03-12,2024-03-12,Complete,0,,0.0,0,0.0
FUL-2024-0787,PO-2024-0888,WH-01,2024-07-15,2024-07-15,Complete,0,,0.0,0,0.0
FUL-2024-0788,PO-2024-0889,WH-01,2024-11-12,2024-11-12,  Complete  ,0,,0.0,0,0.0
FUL-2024-0789,PO-2024-0890,WH-01,2024-12-12,2024-12-12,Complete,0,,0.0,0,0.0
FUL-2024-0790,PO-2024-0891,WH-01,2024-11-01,2024-11-01,Complete,0,,0.0,0,0.0
FUL-2024-0791,PO-2024-0893,WH-02,2024-09-07,2024-09-07,Complete,0,,0.0,0,0.0
FUL-2024-0792,PO-2024-0894,WH-01,2024-01-21,2024-01-21,Complete,0,,0.0,0,0.0
FUL-2024-0793,PO-2024-0895,WH01,2024-06-29,2024-06-29,Complete,0,,0.0,0,0.0
FUL-2024-0794,PO-2024-0896,WH-02,2024-05-11,2024-05-11,COMPLETE,0,,0.0,0,0.0
FUL-2024-0795,PO-2024-0897,WH-02,2024-08-11,2024-08-11,Complete,0,,0.0,0,0.0
FUL-2024-0796,PO-2024-0898,WH-01,2024-01-27,2024-01-27,  Complete  ,0,,0.0,0,0.0
FUL-2024-0797,PO-2024-0899,WH-02,2024-12-18,2024-12-18,Complete,0,,0.0,0,0.0
FUL-2024-0798,PO-2024-0900,WH-01,2024-03-05,2024-03-05,  Complete  ,0,,0.0,0,0.0
FUL-2024-0799,PO-2024-0902,WH-01,2024-02-28,2024-02-28,complete,0,,0.0,0,0.0
FUL-2024-0800,PO-2024-0903,WH-01,2024-07-12,2024-07-12,Complete,0,,0.0,0,0.0
FUL-2024-0801,PO-2024-0904,WH-03,2024-03-17,2024-03-17,Complete,0,,0.0,0,0.0
FUL-2024-0802,PO-2024-0905,WH03,2024-11-04,2024-11-04,Partial,0,,0.0,1,800.0
FUL-2024-0803,PO-2024-0906,WH-01,2024-10-24,2024-10-24,Complete,0,,0.0,0,0.0
FUL-2024-0804,PO-2024-0907,WH-03,2024-11-16,2024-11-16,Complete,0,,0.0,0,0.0
FUL-2024-0805,PO-2024-0908,WH-01,2024-10-06,2024-10-06,Complete,0,,0.0,0,0.0
FUL-2024-0806,PO-2024-0909,WH-01,2024-12-21,2024-12-21,Complete,0,,0.0,0,0.0
FUL-2024-0807,PO-2024-0910,WH-02,2024-10-08,2024-10-08,Complete,0,,0.0,0,0.0
FUL-2024-0808,PO-2024-0911,wh-01,2024-09-16,2024-09-16,complete,0,,0.0,0,0.0
FUL-2024-0809,PO-2024-0912,WH-03,2024-03-11,2024-03-11,Complete,0,,0.0,0,0.0
FUL-2024-0810,PO-2024-0913,WH-04,2024-10-03,2024-10-03,Complete,0,,0.0,0,0.0
FUL-2024-0811,PO-2024-0915,WH-02,2024-07-22,2024-07-22,Complete,0,,0.0,0,0.0
FUL-2024-0812,PO-2024-0916,WH-03,2024-08-23,2024-08-23,complete,0,,0.0,0,0.0
FUL-2024-0813,PO-2024-0917,WH-01,2024-10-20,2024-10-20,Complete,0,,0.0,0,0.0
FUL-2024-0814,PO-2024-0918,WH-01,2024-04-09,2024-04-09,Complete,0,,0.0,0,0.0
FUL-2024-0815,PO-2024-0919,WH-02,2024-05-18,2024-05-18,Complete,0,,0.0,0,0.0
FUL-2024-0816,PO-2024-0920,WH-02,2024-10-12,2024-10-12,RETURNED,1,Quality issue,300.0,0,0.0
FUL-2024-0817,PO-2024-0921,WH-03,2024-04-06,2024-04-06,complete,0,,0.0,0,0.0
FUL-2024-0818,PO-2024-0922,WH-01,2024-08-14,2024-08-14,Complete,0,,0.0,0,0.0
FUL-2024-0819,PO-2024-0923,WH-02,2024-04-02,2024-04-02,Complete,0,,0.0,0,
FUL-2024-0820,PO-2024-0924,WH-02,2024-03-11,2024-03-11,Complete,0,,0.0,0,0.0
FUL-2024-0821,PO-2024-0925,WH-04,14-02-2024,2024-02-14,Complete,0,,0.0,0,
FUL-2024-0822,PO-2024-0926,WH-02,2024-11-14,2024-11-14,Complete,0,,0.0,0,0.0
FUL-2024-0823,PO-2024-0927,WH-02,2024-09-08,2024-09-08,Complete,0,,0.0,0,0.0
FUL-2024-0824,PO-2024-0928,WH-03,2024-06-30,2024-06-30,Partial,0,,0.0,1,800.0
FUL-2024-0825,PO-2024-0929,WH-02,2024-03-10,2024-03-10,Complete,0,,0.0,0,0.0
FUL-2024-0826,PO-2024-0930,WH-01,2024-10-08,2024-10-08,  complete  ,0,,0.0,0,0.0
FUL-2024-0827,PO-2024-0931,WH-01,2024-03-26,2024-03-26,Complete,0,,0.0,0,0.0
FUL-2024-0828,PO-2024-0932,WH-01,2024-03-18,2024-03-18,Complete,0,,0.0,0,0.0
FUL-2024-0829,PO-2024-0933,WH-01,2024-10-06,2024-10-06,Complete,0,,0.0,0,0.0
FUL-2024-0830,PO-2024-0934,WH-04,2024-10-05,2024-10-05,complete,0,,0.0,0,0.0
FUL-2024-0831,PO-2024-0935,WH03,,2024-07-21,Complete,0,,0.0,0,0.0
FUL-2024-0832,PO20240936,WH-01,2024-09-10,2024-09-10,Complete,0,,0.0,0,0.0
FUL-2024-0833,PO-2024-0937,WH-01,2024-04-19,2024-04-19,Complete,0,,0.0,0,
FUL-2024-0834,PO-2024-0938,WH-02,2024-02-25,2024-02-25,  Complete  ,0,,0.0,0,0.0
FUL-2024-0835,PO-2024-0939,WH-02,2024-12-17,2024-12-17,Complete,0,,0.0,0,0.0
FUL-2024-0836,PO-2024-0940,WH-01,16-07-2024,2024-07-16,Complete,0,,0.0,0,0.0
FUL-2024-0837,PO-2024-0941,WH-02,2024-08-29,2024-08-29,complete,0,,0.0,0,0.0
FUL-2024-0838,PO-2024-0942,WH-02,2024-06-12,2024-06-12,  Complete  ,0,,0.0,0,0.0
FUL-2024-0839,PO-2024-0943,WH-01,2024-12-18,2024-12-18,Complete,0,,0.0,0,0.0
FUL-2024-0840,PO-2024-0944,WH-01,,2024-07-22,Partial,0,,0.0,1,800.0
FUL-2024-0841,PO-2024-0945,WH-04,2024-06-05,2024-06-05,Complete,0,,0.0,0,0.0
FUL-2024-0842,PO-2024-0946,WH-02,2024-02-03,2024-02-03,  Complete  ,0,,0.0,0,0.0
FUL-2024-0843,PO-2024-0947,WH-02,,2024-02-13,Complete,0,,0.0,0,0.0
FUL-2024-0844,PO-2024-0948,WH-01,2024-09-02,2024-09-02,Complete,0,,0.0,0,0.0
FUL-2024-0845,PO-2024-0949,WH-04,2024-09-05,2024-09-05,Complete,0,,0.0,0,0.0
FUL-2024-0846,PO-2024-0950,WH-01,,2024-03-28,Partial,0,,0.0,1,800.0
FUL-2024-0847,PO-2024-0951,WH-02,2024-08-11,2024-08-11,COMPLETE,0,,0.0,0,0.0
FUL-2024-0848,PO-2024-0952,WH-01,2025-01-09,2025-01-09,Complete,0,,0.0,0,0.0
FUL-2024-0849,PO-2024-0953,WH-02,2024-11-29,2024-11-29,Partial,0,,0.0,1,800.0
FUL-2024-0850,PO-2024-0954,WH-01,12-11-2024,2024-11-12,Complete,0,,0.0,0,0.0
FUL-2024-0851,PO-2024-0957,WH-03,2024-02-24,2024-02-24,Complete,0,,0.0,0,0.0
FUL-2024-0852,PO-2024-0959,WH-03,2024-07-17,2024-07-17,Complete,0,,0.0,0,0.0
FUL-2024-0853,PO-2024-0960,WH-02,2024-06-16,2024-06-16,Complete,0,,0.0,0,0.0
FUL-2024-0854,PO-2024-0961,WH-01,2024-05-28,2024-05-28,COMPLETE,0,,0.0,0,0.0
FUL-2024-0855,PO-2024-0963,WH-04,2024-06-15,2024-06-15,Partial,0,,0.0,1,800.0
FUL-2024-0856,PO-2024-0964,WH-01,2025-01-14,2025-01-14,Complete,0,,0.0,0,
FUL-2024-0857,PO-2024-0965,WH-03,2024-03-02,2024-03-02,Complete,0,,0.0,0,
FUL-2024-0858,PO-2024-0968,WH-01,2024-07-03,2024-07-03,Complete,0,,0.0,0,0.0
FUL-2024-0859,PO-2024-0969,WH-03,2024-12-24,2024-12-24,Complete,0,,-0.0,0,0.0
FUL-2024-0860,PO-2024-0970,WH-01,2024-03-10,2024-03-10,Complete,0,,0.0,0,0.0
FUL-2024-0861,PO-2024-0971,WH-02,2024-11-28,2024-11-28,Complete,0,,0.0,0,0.0
FUL-2024-0862,PO-2024-0973,WH-01,2024-06-12,2024-06-12,COMPLETE,0,,0.0,0,0.0
FUL-2024-0863,PO-2024-0974,WH-01,2024-11-01,2024-11-01,Complete,0,,0.0,0,0.0
FUL-2024-0864,PO-2024-0975,WH-03,2024-08-31,2024-08-31,Complete,0,,0.0,0,0.0
FUL-2024-0865,PO-2024-0976,WH-03,2024-08-13,2024-08-13,Complete,0,,0.0,0,0.0
FUL-2024-0866,PO-2024-0977,WH-01,2024-12-21,2024-12-21,Complete,0,,0.0,0,
FUL-2024-0867,PO-2024-0978,WH-01,10/03/2024,2024-10-03,Complete,0,,0.0,0,0.0
FUL-2024-0868,PO-2024-0979,WH-02,2024-10-08,2024-10-08,Complete,0,,0.0,0,0.0
FUL-2024-0869,PO20240980,WH-04,27-09-2024,2024-09-27,Complete,0,,0.0,0,0.0
FUL-2024-0870,PO-2024-0981,WH-01,03/01/2024,2024-03-01,Complete,0,,0.0,0,0.0
FUL-2024-0871,po-2024-0982,WH-01,2024-06-10,2024-06-10,Complete,0,,0.0,0,0.0
FUL-2024-0872,PO-2024-0983,WH-03,2024-05-04,2024-05-04,Complete,0,,0.0,0,
FUL-2024-0873,PO-2024-0984,WH-01,05/03/2024,2024-05-03,  Returned  ,1,,300.0,0,0.0
FUL-2024-0874,PO-2024-0985,WH-01,05-07-2024,2024-07-05,Complete,0,,0.0,0,0.0
FUL-2024-0875,PO-2024-0986,WH-01,2024-08-06,2024-08-06,complete,0,,0.0,0,0.0
FUL-2024-0876,po-2024-0987,WH-03,29-09-2024,2024-09-29,complete,0,,0.0,0,0.0
FUL-2024-0877,PO-2024-0988,WH-02,2024-06-26,2024-06-26,Complete,0,,0.0,0,0.0
FUL-2024-0878,PO-2024-0989,WH-04,2024-05-05,2024-05-05,Complete,0,,0.0,0,
FUL-2024-0879,PO-2024-0990,WH-01,2024-12-15,2024-12-15,Complete,0,,0.0,0,0.0
FUL-2024-0880,PO-2024-0991,wh-01,11-10-2024,2024-10-11,Partial,0,,0.0,1,800.0
FUL-2024-0881,PO-2024-0992,WH-01,2024-05-25,2024-05-25,COMPLETE,0,,0.0,0,0.0
FUL-2024-0882,PO-2024-0994,WH-02,2024-10-03,2024-10-03,Complete,0,,0.0,0,0.0
FUL-2024-0883,PO-2024-0995,WH-03,2024-07-21,2024-07-21,Complete,0,,0.0,0,0.0
FUL-2024-0884,PO-2024-0997,WH-02,2024-08-11,2024-08-11,Complete,0,,0.0,0,0.0
FUL-2024-0885,PO-2024-0998,WH-01,2024-05-08,2024-05-08,Complete,0,,0.0,0,0.0
FUL-2024-0886,po-2024-0999,WH-02,18-11-2024,2024-11-18,Complete,0,,0.0,0,0.0
FUL-2024-0887,PO-2024-1000,WH-02,2024-11-16,2024-11-16,Complete,0,,0.0,0,0.0
FUL-2024-0888,PO-2024-1001,WH-01,2024-04-02,2024-04-02,Complete,0,,0.0,0,0.0
FUL-2024-0889,PO-2024-1002,WH-02,2024-10-19,2024-10-19,Complete,0,,0.0,0,0.0
FUL-2024-0890,PO-2024-1003,WH-03,2024-03-22,2024-03-22,Complete,0,,0.0,0,0.0
FUL-2024-0891,PO-2024-1004,WH-01,2024-07-13,2024-07-13,Complete,0,,0.0,0,0.0
FUL-2024-0892,po-2024-1005,WH-02,2025-01-02,2025-01-02,Complete,0,,0.0,0,
FUL-2024-0893,PO-2024-1006,WH-02,2024-04-04,2024-04-04,Complete,0,,0.0,0,0.0
FUL-2024-0894,PO-2024-1007,wh-02,2024-02-15,2024-02-15,Complete,0,,0.0,0,0.0
FUL-2024-0895,PO-2024-1008,WH-02,2024-03-01,2024-03-01,Complete,0,,0.0,0,0.0
FUL-2024-0896,PO-2024-1009,WH-01,2024-10-05,2024-10-05,Complete,0,,0.0,0,0.0
FUL-2024-0897,PO-2024-1010,WH-01,2024-11-21,2024-11-21,Complete,0,,0.0,0,0.0
FUL-2024-0898,PO-2024-1011,WH-01,2024-05-29,2024-05-29,Complete,0,,0.0,0,0.0
FUL-2024-0899,PO-2024-1012,WH-03,2024-09-03,2024-09-03,Complete,0,,0.0,0,0.0
FUL-2024-0900,PO-2024-1013,WH-02,2024-02-07,2024-02-07,Complete,0,,0.0,0,0.0
FUL-2024-0901,PO-2024-1014,WH-02,2024-04-17,2024-04-17,Complete,0,,0.0,0,0.0
FUL-2024-0902,PO-2024-1015,WH-02,2024-12-14,2024-12-14,Complete,0,,0.0,0,0.0
FUL-2024-0903,PO-2024-1016,WH-01,2024-11-24,2024-11-24,Complete,0,,0.0,0,0.0
FUL-2024-0904,PO-2024-1017,WH-01,2024-06-17,2024-06-17,Complete,0,,0.0,0,0.0
FUL-2024-0905,PO-2024-1018,WH-02,07-09-2024,2024-09-07,Complete,0,,0.0,0,0.0
FUL-2024-0906,PO-2024-1020,WH-03,2024-02-14,2024-02-14,Complete,0,,0.0,0,0.0
FUL-2024-0907,PO-2024-1022,WH-01,2024-04-19,2024-04-19,Complete,0,,0.0,0,0.0
FUL-2024-0908,PO-2024-1023,WH-01,09-04-2024,2024-04-09,Complete,0,,0.0,0,0.0
FUL-2024-0909,PO-2024-1024,WH-01,2024-12-05,2024-12-05,  Complete  ,0,,0.0,0,0.0
FUL-2024-0910,PO-2024-1025,WH-01,2024-08-30,2024-08-30,Complete,0,,0.0,0,0.0
FUL-2024-0911,PO-2024-1026,WH-01,2024-03-14,2024-03-14,Complete,0,,0.0,0,0.0
FUL-2024-0912,PO-2024-1027,WH-02,2024-07-08,2024-07-08,Complete,0,,0.0,0,0.0
FUL-2024-0913,PO-2024-1028,WH-02,2024-09-07,2024-09-07,Complete,0,,0.0,0,0.0
FUL-2024-0914,PO-2024-1029,WH-03,2024-12-22,2024-12-22,Complete,0,,0.0,0,0.0
FUL-2024-0915,PO-2024-1030,WH-03,2024-05-06,2024-05-06,Complete,0,,0.0,0,0.0
FUL-2024-0916,PO-2024-1031,WH-01,2024-04-10,2024-04-10,Complete,0,,0.0,0,0.0
FUL-2024-0917,PO-2024-1032,WH-02,2024-11-29,2024-11-29,Complete,0,,0.0,0,0.0
FUL-2024-0918,PO-2024-1033,WH-02,2024-12-30,2024-12-30,COMPLETE,0,,0.0,0,0.0
FUL-2024-0919,PO-2024-1034,WH-03,2024-06-12,2024-06-12,Complete,0,,0.0,0,0.0
FUL-2024-0920,PO-2024-1035,WH-03,2024-11-21,2024-11-21,Complete,0,,0.0,0,0.0
FUL-2024-0921,PO-2024-1036,WH-01,07-10-2024,2024-10-07,Complete,0,,0.0,0,0.0
FUL-2024-0922,PO-2024-1037,WH-01,2024-05-26,2024-05-26,Complete,0,,0.0,0,0.0
FUL-2024-0923,PO-2024-1038,WH-01,2025-01-12,2025-01-12,Complete,0,,0.0,0,0.0
FUL-2024-0924,PO-2024-1039,WH-03,2024-12-27,2024-12-27,Complete,0,,0.0,0,0.0
FUL-2024-0925,PO-2024-1040,WH-01,19-03-2024,2024-03-19,Complete,0,,0.0,0,0.0
FUL-2024-0926,PO-2024-1041,WH-03,2024-07-27,2024-07-27,Complete,0,,0.0,0,0.0
FUL-2024-0927,PO-2024-1042,WH-03,2024-11-26,2024-11-26,Complete,0,,0.0,0,0.0
FUL-2024-0928,PO-2024-1043,WH-03,2024-02-26,2024-02-26,Partial,0,,0.0,1,800.0
FUL-2024-0929,PO-2024-1044,WH-01,2024-12-13,2024-12-13,Complete,0,,0.0,0,0.0
FUL-2024-0930,PO-2024-1046,WH-03,2024-04-20,2024-04-20,Complete,0,,-0.0,0,
FUL-2024-0931,PO-2024-1047,WH-04,2024-05-21,2024-05-21,Complete,0,,0.0,0,0.0
FUL-2024-0932,PO-2024-1048,WH-01,2024-12-13,2024-12-13,Complete,0,,0.0,0,0.0
FUL-2024-0933,PO20241049,WH-01,2024-10-21,2024-10-21,Complete,0,,0.0,0,0.0
FUL-2024-0934,PO-2024-1050,WH-03,2024-07-24,2024-07-24,Complete,0,,0.0,0,0.0
FUL-2024-0935,PO-2024-1051,WH-02,10/12/2024,2024-10-12,Complete,0,,-0.0,0,0.0
FUL-2024-0936,PO-2024-1053,wh-01,05/07/2024,2024-05-07,Complete,0,,0.0,0,0.0
FUL-2024-0937,PO-2024-1054,WH-04,2024-01-23,2024-01-23,complete,0,,0.0,0,0.0
FUL-2024-0938,PO-2024-1056,WH-01,2024-08-26,2024-08-26,Partial,0,,0.0,1,800.0
FUL-2024-0939,PO-2024-1057,WH-03,11/29/2024,2024-11-29,Complete,0,,0.0,0,0.0
FUL-2024-0940,PO-2024-1058,WH-01,2024-03-07,2024-03-07,Returned,1,Quality issue,300.0,0,0.0
FUL-2024-0941,PO-2024-1059,WH-02,2024-02-10,2024-02-10,Complete,0,,0.0,0,0.0
FUL-2024-0942,PO-2024-1060,WH-01,2024-02-21,2024-02-21,Complete,0,,0.0,0,0.0
FUL-2024-0943,PO-2024-1062,WH-03,2024-05-28,2024-05-28,Complete,0,,0.0,0,0.0
FUL-2024-0944,PO-2024-1063,WH03,2024-07-25,2024-07-25,Complete,0,,0.0,0,0.0
FUL-2024-0945,PO-2024-1064,WH-02,2024-12-11,2024-12-11,Complete,0,,0.0,0,0.0
FUL-2024-0946,PO-2024-1065,WH-02,2024-09-19,2024-09-19,Complete,0,,0.0,0,0.0
FUL-2024-0947,PO-2024-1067,WH-02,2024-07-26,2024-07-26,Complete,0,,0.0,0,0.0
FUL-2024-0948,PO-2024-1068,WH-01,2024-03-06,2024-03-06,Complete,0,,0.0,0,0.0
FUL-2024-0949,PO-2024-1069,WH-01,2024-02-05,2024-02-05,Complete,0,,0.0,0,0.0
FUL-2024-0950,PO-2024-1070,WH-04,2024-08-13,2024-08-13,Complete,0,,0.0,0,0.0
FUL-2024-0951,PO-2024-1071,WH-02,2024-03-14,2024-03-14,Complete,0,,0.0,0,0.0
FUL-2024-0952,PO-2024-1072,WH-02,2024-08-03,2024-08-03,Complete,0,,0.0,0,0.0
FUL-2024-0953,PO-2024-1073,WH-01,2024-10-22,2024-10-22,Complete,0,,0.0,0,0.0
FUL-2024-0954,PO-2024-1074,WH-02,2024-07-14,2024-07-14,Complete,0,,0.0,0,0.0
FUL-2024-0955,PO-2024-1075,WH-02,30-05-2024,2024-05-30,Complete,0,,0.0,0,0.0
FUL-2024-0956,PO-2024-1076,WH-02,2024-02-28,2024-02-28,Complete,0,,0.0,0,0.0
FUL-2024-0957,PO-2024-1077,WH-03,2024-10-03,2024-10-03,Returned,1,Customer order cancellation,300.0,0,0.0
FUL-2024-0958,PO-2024-1078,WH01,07/08/2024,2024-07-08,Complete,0,,0.0,0,0.0
FUL-2024-0959,PO-2024-1079,WH-01,2024-11-24,2024-11-24,Complete,0,,0.0,0,0.0
FUL-2024-0960,PO-2024-1081,WH-03,2024-11-28,2024-11-28,Complete,0,,0.0,0,0.0
FUL-2024-0961,PO-2024-1082,WH-03,2024-12-07,2024-12-07,COMPLETE,0,,0.0,0,0.0
FUL-2024-0962,PO-2024-1084,WH-01,2024-05-22,2024-05-22,Complete,0,,0.0,0,0.0
FUL-2024-0963,po-2024-1085,WH-02,2024-11-14,2024-11-14,Complete,0,,0.0,0,0.0
FUL-2024-0964,PO-2024-1086,WH-01,03/20/2024,2024-03-20,Complete,0,,0.0,0,0.0
FUL-2024-0965,PO-2024-1087,WH-03,2024-06-20,2024-06-20,Complete,0,,0.0,0,0.0
FUL-2024-0966,PO-2024-1088,WH-03,29-04-2024,2024-04-29,Complete,0,,0.0,0,0.0
FUL-2024-0967,PO-2024-1089,WH-02,2024-08-14,2024-08-14,Complete,0,,0.0,0,0.0
FUL-2024-0968,PO-2024-1092,WH-01,2024-09-21,2024-09-21,Complete,0,,0.0,0,0.0
FUL-2024-0969,PO-2024-1094,WH-01,2024-02-20,2024-02-20,Complete,0,,0.0,0,0.0
FUL-2024-0970,PO-2024-1095,WH-01,12/02/2024,2024-12-02,Complete,0,,0.0,0,0.0
FUL-2024-0971,PO-2024-1098,WH-01,2024-09-05,2024-09-05,Complete,0,,-0.0,0,0.0
FUL-2024-0972,PO-2024-1099,WH-01,2024-10-16,2024-10-16,complete,0,,0.0,0,0.0
FUL-2024-0973,PO-2024-1100,WH04,2024-07-08,2024-07-08,Returned,1,Quality issue,300.0,0,0.0
FUL-2024-0974,PO-2024-1101,WH-02,2024-05-14,2024-05-14,Complete,0,,0.0,0,0.0
FUL-2024-0975,PO-2024-1102,WH-02,,2025-01-21,Partial,0,,0.0,1,800.0
FUL-2024-0976,PO-2024-1103,WH-01,2024-07-09,2024-07-09,Complete,0,,0.0,0,0.0
FUL-2024-0977,PO20241104,WH-01,2024-05-27,2024-05-27,Complete,0,,0.0,0,0.0
FUL-2024-0978,PO-2024-1105,WH-01,2024-05-20,2024-05-20,Complete,0,,0.0,0,0.0
FUL-2024-0979,PO-2024-1106,WH-02,2024-05-17,2024-05-17,Complete,0,,-0.0,0,0.0
FUL-2024-0980,PO-2024-1107,WH-02,2024-08-12,2024-08-12,Complete,0,,0.0,0,0.0
FUL-2024-0981,PO-2024-1108,WH-04,2024-08-29,2024-08-29,Complete,0,,0.0,0,0.0
FUL-2024-0982,PO-2024-1109,WH-03,2024-08-22,2024-08-22,Complete,0,,0.0,0,0.0
FUL-2024-0983,PO-2024-1110,WH-02,2024-12-16,2024-12-16,Complete,0,,0.0,0,0.0
FUL-2024-0984,PO-2024-1111,WH-01,2024-10-28,2024-10-28,complete,0,,0.0,0,0.0
FUL-2024-0985,PO-2024-1112,WH-01,05-06-2024,2024-06-05,Complete,0,,0.0,0,0.0
FUL-2024-0986,PO-2024-1113,WH-03,2024-02-15,2024-02-15,Complete,0,,0.0,0,0.0
FUL-2024-0987,PO-2024-1114,wh-04,2024-10-11,2024-10-11,Complete,0,,0.0,0,0.0
FUL-2024-0988,PO-2024-1115,WH-01,2024-10-14,2024-10-14,Complete,0,,0.0,0,0.0
FUL-2024-0989,PO-2024-1116,WH-01,2024-05-03,2024-05-03,Complete,0,,0.0,0,0.0
FUL-2024-0990,PO-2024-1117,WH-02,2024-04-06,2024-04-06,Complete,0,,0.0,0,0.0
FUL-2024-0991,PO-2024-1118,WH-01,2024-02-14,2024-02-14,Complete,0,,0.0,0,0.0
FUL-2024-0992,PO-2024-1119,WH-01,2025-02-04,2025-02-04,Complete,0,,0.0,0,0.0
FUL-2024-0993,PO-2024-1120,WH-01,2024-11-21,2024-11-21,Complete,0,,0.0,0,0.0
FUL-2024-0994,PO-2024-1121,WH-02,2024-11-17,2024-11-17,Complete,0,,0.0,0,0.0
FUL-2024-0995,PO-2024-1122,WH-02,2024-11-05,2024-11-05,Complete,0,,0.0,0,0.0
FUL-2024-0996,PO-2024-1123,wh-03,2024-04-25,2024-04-25,Complete,0,,0.0,0,0.0
FUL-2024-0997,PO-2024-1126,WH-01,2024-03-28,2024-03-28,complete,0,,0.0,0,0.0
FUL-2024-0998,PO-2024-1127,WH-04,08/16/2024,2024-08-16,Complete,0,,0.0,0,0.0
FUL-2024-0999,PO-2024-1128,WH-02,2024-02-02,2024-02-02,Complete,0,,0.0,0,0.0
FUL-2024-1000,PO-2024-1129,WH-02,2024-12-10,2024-12-10,Complete,0,,0.0,0,0.0
FUL-2024-1001,PO-2024-1130,WH-04,2024-04-14,2024-04-14,  Complete  ,0,,0.0,0,0.0
FUL-2024-1002,PO-2024-1131,WH-01,2024-08-25,2024-08-25,Complete,0,,0.0,0,
FUL-2024-1003,PO-2024-1132,WH-02,2024-05-28,2024-05-28,Complete,0,,0.0,0,0.0
FUL-2024-1004,PO-2024-1133,WH-02,02/26/2024,2024-02-26,Complete,0,,0.0,0,0.0
FUL-2024-1005,PO-2024-1134,WH-01,2024-09-25,2024-09-25,Complete,0,,-0.0,0,0.0
FUL-2024-1006,PO-2024-1135,WH-01,2024-11-27,2024-11-27,Complete,0,,0.0,0,0.0
FUL-2024-1007,PO-2024-1136,WH-01,2024-12-10,2024-12-10,Complete,0,,0.0,0,0.0
FUL-2024-1008,PO-2024-1137,WH-01,2024-11-27,2024-11-27,Complete,0,,0.0,0,0.0
FUL-2024-1009,PO20241138,WH-03,2024-06-23,2024-06-23,Returned,1,Quality issue,300.0,0,0.0
FUL-2024-1010,PO-2024-1139,WH-02,2024-10-01,2024-10-01,  Complete  ,0,,0.0,0,0.0
FUL-2024-1011,PO-2024-1140,WH-02,2024-08-09,2024-08-09,Complete,0,,0.0,0,0.0
FUL-2024-1012,PO-2024-1142,WH-01,2024-07-21,2024-07-21,Complete,0,,0.0,0,0.0
FUL-2024-1013,PO-2024-1143,WH-03,2024-09-26,2024-09-26,complete,0,,0.0,0,0.0
FUL-2024-1014,PO-2024-1144,WH-01,2024-11-22,2024-11-22,Complete,0,,-0.0,0,0.0
FUL-2024-1015,PO-2024-1145,WH-01,2024-09-16,2024-09-16,Complete,0,,0.0,0,0.0
FUL-2024-1016,PO-2024-1146,WH-01,2024-12-01,2024-12-01,Complete,0,,0.0,0,0.0
FUL-2024-1017,PO-2024-1147,WH-03,2024-02-19,2024-02-19,Complete,0,,0.0,0,0.0
FUL-2024-1018,PO-2024-1149,WH-02,2024-03-27,2024-03-27,Complete,0,,0.0,0,0.0
FUL-2024-1019,PO-2024-1151,WH-02,2024-08-19,2024-08-19,complete,0,,0.0,0,0.0
FUL-2024-1020,PO-2024-1152,WH-01,2024-11-04,2024-11-04,complete,0,,0.0,0,0.0
FUL-2024-1021,PO-2024-1153,WH-04,2025-01-04,2025-01-04,Complete,0,,0.0,0,0.0
FUL-2024-1022,PO-2024-1154,WH-01,,2024-01-31,Complete,0,,0.0,0,0.0
FUL-2024-1023,PO-2024-1155,WH-01,2024-06-06,2024-06-06,Complete,0,,0.0,0,0.0
FUL-2024-1024,PO-2024-1156,WH-01,2024-02-20,2024-02-20,Partial,0,,0.0,1,800.0
FUL-2024-1025,PO-2024-1157,WH-01,2024-04-25,2024-04-25,complete,0,,0.0,0,0.0
FUL-2024-1026,PO-2024-1158,WH-02,2024-07-17,2024-07-17,Complete,0,,0.0,0,0.0
FUL-2024-1027,PO-2024-1159,WH-04,2024-05-23,2024-05-23,Returned,1,Excess quantity sent,300.0,0,0.0
FUL-2024-1028,PO-2024-1160,WH-03,2024-07-08,2024-07-08,Complete,0,,0.0,0,0.0
FUL-2024-1029,PO-2024-1161,WH-01,2024-04-25,2024-04-25,Complete,0,,0.0,0,0.0
FUL-2024-1030,PO-2024-1163,WH01,2024-02-28,2024-02-28,Complete,0,,0.0,0,0.0
FUL-2024-1031,PO-2024-1164,WH-01,2024-01-27,2024-01-27,Complete,0,,0.0,0,0.0
FUL-2024-1032,PO-2024-1165,WH-01,2024-11-30,2024-11-30,Complete,0,,0.0,0,
FUL-2024-1033,PO-2024-1166,WH-02,09/24/2024,2024-09-24,Complete,0,,0.0,0,0.0
FUL-2024-1034,PO-2024-1167,WH-02,04/13/2024,2024-04-13,Complete,0,,0.0,0,0.0
FUL-2024-1035,PO-2024-1168,WH-01,2024-03-17,2024-03-17,Returned,1,Quality issue,300.0,0,0.0
FUL-2024-1036,PO-2024-1169,WH-04,2024-12-27,2024-12-27,Complete,0,,0.0,0,0.0
FUL-2024-1037,PO-2024-1171,WH-04,2024-07-03,2024-07-03,Complete,0,,0.0,0,0.0
FUL-2024-1038,PO-2024-1172,WH-01,26-06-2024,2024-06-26,Complete,0,,0.0,0,
FUL-2024-1039,PO-2024-1173,WH-02,,2024-11-07,Complete,0,,0.0,0,0.0
FUL-2024-1040,PO-2024-1174,WH-02,2024-04-17,2024-04-17,Complete,0,,0.0,0,0.0
FUL-2024-1041,PO20241175,WH-03,2024-03-26,2024-03-26,Complete,0,,0.0,0,0.0
FUL-2024-1042,PO-2024-1176,WH-01,2024-06-12,2024-06-12,Complete,0,,0.0,0,0.0
FUL-2024-1043,PO-2024-1179,WH-02,2024-07-04,2024-07-04,Complete,0,,-0.0,0,0.0
FUL-2024-1044,PO-2024-1180,WH-01,2024-11-14,2024-11-14,Complete,0,,0.0,0,0.0
FUL-2024-1045,PO20241181,WH-01,2024-02-10,2024-02-10,Complete,0,,0.0,0,0.0
FUL-2024-1046,PO-2024-1182,WH-02,2024-09-05,2024-09-05,complete,0,,0.0,0,0.0
FUL-2024-1047,PO-2024-1183,wh-02,2024-11-17,2024-11-17,Complete,0,,0.0,0,0.0
FUL-2024-1048,PO-2024-1184,WH-01,07/31/2024,2024-07-31,Complete,0,,0.0,0,0.0
FUL-2024-1049,PO-2024-1185,WH-03,2024-03-31,2024-03-31,Complete,0,,0.0,0,0.0
FUL-2024-1050,PO-2024-1186,WH-03,2024-03-25,2024-03-25,  Complete  ,0,,0.0,0,0.0
FUL-2024-1051,PO-2024-1187,WH-01,2024-10-04,2024-10-04,Complete,0,,0.0,0,0.0
FUL-2024-1052,PO-2024-1188,WH03,2024-05-26,2024-05-26,Complete,0,,0.0,0,0.0
FUL-2024-1053,PO-2024-1189,WH-01,2024-05-27,2024-05-27,Complete,0,,0.0,0,0.0
FUL-2024-1054,PO-2024-1190,WH-02,2024-11-15,2024-11-15,Complete,0,,0.0,0,0.0
FUL-2024-1055,PO-2024-1191,WH-01,2024-04-21,2024-04-21,  Complete  ,0,,0.0,0,0.0
FUL-2024-1056,PO-2024-1192,WH-03,2024-02-05,2024-02-05,Complete,0,,0.0,0,0.0
FUL-2024-1057,PO-2024-1194,WH-02,2024-07-11,2024-07-11,Complete,0,,0.0,0,0.0
FUL-2024-1058,PO-2024-1195,WH-01,2024-12-24,2024-12-24,Complete,0,,0.0,0,0.0
FUL-2024-1059,PO-2024-1196,WH-04,2024-11-02,2024-11-02,Complete,0,,0.0,0,
FUL-2024-1060,PO-2024-1198,WH-04,2024-11-10,2024-11-10,Complete,0,,0.0,0,0.0
FUL-2024-1061,PO-2024-1199,WH-02,2024-09-03,2024-09-03,Complete,0,,0.0,0,0.0
FUL-2024-1062,PO20241200,WH-01,2024-12-30,2024-12-30,Complete,0,,0.0,0,0.0
FUL-2024-0706,PO-2024-0794,WH-02,2024-09-05,2024-09-05,complete,0,,0.0,0,0.0
FUL-2024-0286,PO-2024-0319,WH-04,2024-01-30,2024-01-30,Complete,0,,0.0,0,0.0
FUL-2024-0328,PO-2024-0363,WH-03,2024-03-03,2024-03-03,Complete,0,,0.0,0,0.0
FUL-2024-0781,PO-2024-0882,WH-02,2024-10-24,2024-10-24,Complete,0,,0.0,0,0.0
FUL-2024-0475,PO-2024-0526,WH-02,2024-06-07,2024-06-07,Complete,0,,0.0,0,0.0
FUL-2024-0170,PO-2024-0190,WH-01,2024-09-24,2024-09-24,complete,0,,-0.0,0,0.0
FUL-2024-0027,PO-2024-0030,WH-01,,2024-05-30,Complete,0,,0.0,0,0.0
FUL-2024-0964,PO-2024-1086,WH-01,03/20/2024,2024-03-20,Complete,0,,0.0,0,0.0
FUL-2024-0726,PO-2024-0816,WH-02,2024-07-06,2024-07-06,Complete,0,,0.0,0,0.0
FUL-2024-1039,PO-2024-1173,WH-02,,2024-11-07,Complete,0,,0.0,0,0.0
FUL-2024-0273,PO-2024-0305,WH-02,2024-09-11,2024-09-11,Complete,0,,0.0,0,0.0
FUL-2024-0076,PO-2024-0086,WH-02,2024-07-08,2024-07-08,Complete,0,,0.0,0,0.0
FUL-2024-0169,PO-2024-0188,WH-02,2024-07-28,2024-07-28,Partial,0,,0.0,1,800.0
FUL-2024-0825,PO-2024-0929,WH-02,2024-03-10,2024-03-10,Complete,0,,0.0,0,0.0
FUL-2024-0215,PO-2024-0242,WH-02,2024-03-25,2024-03-25,Complete,0,,0.0,0,0.0
FUL-2024-0950,PO-2024-1070,WH-04,2024-08-13,2024-08-13,Complete,0,,0.0,0,0.0
FUL-2024-0460,PO-2024-0509,WH-02,2024-04-22,2024-04-22,Complete,0,,0.0,0,0.0
FUL-2024-0967,PO-2024-1089,WH-02,2024-08-14,2024-08-14,Complete,0,,0.0,0,0.0
FUL-2024-0774,PO-2024-0875,WH-01,08/25/2024,2024-08-25,Complete,0,,0.0,0,0.0
FUL-2024-0987,PO-2024-1114,wh-04,2024-10-11,2024-10-11,Complete,0,,0.0,0,0.0
FUL-2024-0425,PO-2024-0471,WH01,2024-02-11,2024-02-11,Complete,0,,0.0,0,0.0
FUL-2024-0006,PO-2024-0006,WH-01,,2024-08-26,Complete,0,,0.0,0,0.0
FUL-2024-0921,PO-2024-1036,WH-01,07-10-2024,2024-10-07,Complete,0,,0.0,0,0.0
FUL-2024-0494,PO-2024-0547,WH-03,2024-06-28,2024-06-28,Partial,0,,0.0,1,800.0
FUL-2024-0244,PO-2024-0273,WH-01,2024-05-21,2024-05-21,Complete,0,,0.0,0,0.0
FUL-2024-0710,PO-2024-0798,WH-01,2025-01-05,2025-01-05,Complete,0,,0.0,0,0.0
FUL-2024-0729,PO-2024-0820,wh-03,27-01-2024,2024-01-27,Complete,0,,0.0,0,0.0
FUL-2024-0386,PO-2024-0426,WH-02,02/27/2024,2024-02-27,Complete,0,,0.0,0,0.0
FUL-2024-0395,PO-2024-0436,WH-03,26-02-2024,2024-02-26,Complete,0,,0.0,0,0.0
FUL-2024-0851,PO-2024-0957,WH-03,2024-02-24,2024-02-24,Complete,0,,0.0,0,0.0
FUL-2024-0872,PO-2024-0983,WH-03,2024-05-04,2024-05-04,Complete,0,,0.0,0,
FUL-2024-0526,PO-2024-0585,WH-03,2024-08-17,2024-08-17,Complete,0,,0.0,0,0.0
