shipment_id,route_id,date_id,shipment_date,warehouse_id,planned_freight_cost,actual_freight_cost,planned_distance_km,actual_distance_km,delivery_status,late_penalty
SHP-2024-0001,RT-01,2024-07-07,2024-07-07,WH-01,300.0,303.36,25.0,25.75,On-Time,0.0
SHP-2024-0002,RT-01,2024-11-04,2024-11-04,WH-01,300.0,1216.37,25.0,26.21,On-Time,0.0
SHP-2024-0003,RT-06,2024-09-09,2024-09-09,WH-01,3720.0,4014.34,310.0,328.67,On-Time,0.0
SHP-2024-0004,RT-01,2024-06-23,2024-06-23,WH-01,300.0,346.83,25.0,25.77,On-Time,0.0
SHP-2024-0005,RT-02,2024-06-15,2024-06-15,WH-01,2940.0,3501.53,245.0,245.16,On-Time,0.0
SHP-2024-0006,RT-01,2024-09-20,2024-09-20,WH-01,300.0,313.1,25.0,25.04,On-Time,0.0
SHP-2024-0007,RT-01,2024-04-15,2024-04-15,WH-01,300.0,334.21,25.0,25.71,On-Time,0.0
SHP-2024-0008,RT-01,2024-09-27,2024-09-27,WH-01,300.0,298.12,25.0,25.11,Late,500.0
SHP-2024-0009,RT-04,2024-10-06,2024-10-06,WH-03,960.0,1211.14,80.0,88.46,Late,500.0
SHP-2024-0010,RT-02,2024-12-09,2024-12-09,WH-01,2940.0,3260.71,245.0,249.84,On-Time,0.0
SHP-2024-0011,RT-02,2024-08-18,2024-08-18,WH-01,2940.0,3160.2,245.0,252.98,On-Time,0.0
SHP-2024-0012,RT-05,2024-03-02,2024-03-02,WH-04,1140.0,1492.76,95.0,109.13,On-Time,0.0
SHP-2024-0013,RT-02,2024-05-10,2024-05-10,WH-01,2940.0,3491.53,245.0,254.32,On-Time,0.0
SHP-2024-0014,RT-04,2024-03-03,2024-03-03,WH-03,960.0,1111.71,80.0,91.17,On-Time,0.0
SHP-2024-0015,RT-02,2024-05-22,2024-05-22,WH-01,2940.0,3214.51,245.0,254.26,On-Time,0.0
SHP-2024-0016,RT-03,2024-03-02,2024-03-02,WH-02,480.0,514.7,40.0,41.27,On-Time,0.0
SHP-2024-0017,RT-03,2024-05-07,2024-05-07,WH-02,480.0,557.57,40.0,41.61,On-Time,0.0
SHP-2024-0018,RT-05,2024-08-20,2024-08-20,WH-04,1140.0,1396.16,95.0,108.84,On-Time,0.0
SHP-2024-0019,RT-04,2024-06-20,2024-06-20,WH-03,960.0,1166.33,80.0,88.46,On-Time,0.0
SHP-2024-0020,RT-03,2024-02-21,2024-02-21,WH-02,480.0,509.65,40.0,40.49,On-Time,0.0
SHP-2024-0021,RT-02,2024-04-22,2024-04-22,WH-01,2940.0,3235.03,245.0,251.21,On-Time,0.0
SHP-2024-0022,RT-05,2024-06-20,2024-06-20,WH-04,1140.0,1622.35,95.0,110.88,Late,500.0
SHP-2024-0023,RT-05,2024-11-20,2024-11-20,WH-04,1140.0,1629.24,95.0,113.51,Late,500.0
SHP-2024-0024,RT-05,2024-12-14,2024-12-14,WH-04,1140.0,1526.28,95.0,116.73,On-Time,0.0
SHP-2024-0025,RT-01,2024-05-07,2024-05-07,WH-01,300.0,348.22,25.0,25.65,On-Time,0.0
SHP-2024-0026,RT-01,2024-05-23,2024-05-23,WH-01,300.0,337.13,25.0,26.02,On-Time,0.0
SHP-2024-0027,RT-03,2024-01-09,2024-01-09,WH-02,480.0,509.77,40.0,40.56,On-Time,0.0
SHP-2024-0028,RT-02,2024-04-13,2024-04-13,WH-01,2940.0,3180.89,245.0,251.21,On-Time,0.0
SHP-2024-0029,RT-01,2024-07-12,2024-07-12,WH-01,300.0,307.69,25.0,25.69,On-Time,0.0
SHP-2024-0030,RT-03,2024-10-30,2024-10-30,WH-02,480.0,576.89,40.0,41.49,On-Time,0.0
SHP-2024-0031,RT-06,2024-01-22,2024-01-22,WH-01,3720.0,4267.96,310.0,324.59,On-Time,0.0
SHP-2024-0032,RT-04,2024-10-12,2024-10-12,WH-03,960.0,1280.25,80.0,89.16,Late,500.0
SHP-2024-0033,RT-05,2024-01-17,2024-01-17,WH-04,1140.0,1448.36,95.0,118.67,Late,500.0
SHP-2024-0034,RT-02,2024-10-06,2024-10-06,WH-01,2940.0,3260.71,245.0,249.05,On-Time,0.0
SHP-2024-0035,RT-02,2024-09-12,2024-09-12,WH-01,2940.0,3064.54,245.0,250.94,On-Time,0.0
SHP-2024-0036,RT-01,2024-04-23,2024-04-23,WH-01,300.0,334.94,25.0,25.77,On-Time,0.0
SHP-2024-0037,RT-05,2024-10-25,2024-10-25,WH-04,1140.0,1579.02,95.0,114.6,Failed,1000.0
SHP-2024-0038,RT-03,2024-11-08,2024-11-08,WH-02,480.0,523.47,40.0,41.26,On-Time,0.0
SHP-2024-0039,RT-02,2024-04-01,2024-04-01,WH-01,2940.0,3436.68,245.0,252.09,On-Time,0.0
SHP-2024-0040,RT-01,2024-12-07,2024-12-07,WH-01,300.0,313.77,25.0,25.31,On-Time,0.0
SHP-2024-0041,RT-03,2024-04-17,2024-04-17,WH-02,480.0,519.21,40.0,41.25,On-Time,0.0
SHP-2024-0042,RT-06,2024-05-03,2024-05-03,WH-01,3720.0,4273.73,310.0,334.81,On-Time,0.0
SHP-2024-0043,RT-03,2024-11-13,2024-11-13,WH-02,480.0,555.96,40.0,41.67,On-Time,0.0
SHP-2024-0044,RT-06,2024-02-17,2024-02-17,WH-01,3720.0,4253.68,310.0,323.27,On-Time,0.0
SHP-2024-0045,RT-04,2024-03-16,2024-03-16,WH-03,960.0,1087.38,80.0,88.53,Late,500.0
SHP-2024-0046,RT-02,2024-04-03,2024-04-03,WH-01,2940.0,3427.16,245.0,251.21,On-Time,0.0
SHP-2024-0047,RT-06,2024-12-22,2024-12-22,WH-01,3720.0,4604.47,310.0,327.95,Late,500.0
SHP-2024-0048,RT-01,2024-09-13,2024-09-13,WH-01,300.0,308.36,25.0,25.67,On-Time,0.0
SHP-2024-0049,RT-05,2024-05-31,2024-05-31,WH-04,1140.0,1558.19,95.0,114.15,On-Time,0.0
SHP-2024-0050,RT-02,2024-06-16,2024-06-16,WH-01,2940.0,3206.05,245.0,256.09,On-Time,0.0
SHP-2024-0051,RT-04,2024-08-02,2024-08-02,WH-03,960.0,1099.7,80.0,84.57,On-Time,0.0
SHP-2024-0052,RT-05,2024-07-14,2024-07-14,WH-04,1140.0,1427.57,95.0,114.37,On-Time,0.0
SHP-2024-0053,RT-02,2024-06-12,2024-06-12,WH-01,2940.0,3260.71,245.0,247.17,On-Time,0.0
SHP-2024-0054,RT-06,2024-05-31,2024-05-31,WH-01,3720.0,4418.94,310.0,338.12,On-Time,0.0
SHP-2024-0055,RT-05,2024-03-02,2024-03-02,WH-04,1140.0,1434.62,95.0,111.58,Late,500.0
SHP-2024-0056,RT-02,2024-03-16,2024-03-16,WH-01,2940.0,3167.58,245.0,249.35,On-Time,0.0
SHP-2024-0057,RT-01,2024-03-09,2024-03-09,WH-01,300.0,300.9,25.0,25.37,On-Time,0.0
SHP-2024-0058,RT-02,2024-04-18,2024-04-18,WH-01,2940.0,3644.97,245.0,256.4,Late,500.0
SHP-2024-0059,RT-01,2024-08-26,2024-08-26,WH-01,300.0,309.99,25.0,25.18,On-Time,0.0
SHP-2024-0060,RT-03,2024-10-09,2024-10-09,WH-02,480.0,520.71,40.0,41.41,On-Time,0.0
SHP-2024-0061,RT-04,2024-11-22,2024-11-22,WH-03,960.0,1232.35,80.0,91.89,Late,500.0
SHP-2024-0062,RT-06,2024-07-20,2024-07-20,WH-01,3720.0,1216.37,310.0,338.97,On-Time,0.0
SHP-2024-0063,RT-01,2024-05-27,2024-05-27,WH-01,300.0,330.54,25.0,25.15,On-Time,0.0
SHP-2024-0064,RT-06,2024-11-07,2024-11-07,WH-01,3720.0,4220.9,310.0,330.77,On-Time,0.0
SHP-2024-0065,RT-04,2024-07-31,2024-07-31,WH-03,960.0,1080.87,80.0,91.94,On-Time,0.0
SHP-2024-0066,RT-06,2024-10-31,2024-10-31,WH-01,3720.0,4534.58,310.0,334.4,On-Time,0.0
SHP-2024-0067,RT-06,2024-09-28,2024-09-28,WH-01,3720.0,4075.5,310.0,338.62,On-Time,0.0
SHP-2024-0068,RT-01,2024-07-04,2024-07-04,WH-01,300.0,313.77,25.0,25.29,On-Time,0.0
SHP-2024-0069,RT-06,2024-07-19,2024-07-19,WH-01,3720.0,4208.73,310.0,326.02,On-Time,0.0
SHP-2024-0070,RT-04,2024-03-22,2024-03-22,WH-03,960.0,1119.83,80.0,87.33,On-Time,0.0
SHP-2024-0071,RT-05,2024-04-28,2024-04-28,WH-04,1140.0,1648.12,95.0,110.36,On-Time,0.0
SHP-2024-0072,RT-04,2024-12-07,2024-12-07,WH-03,960.0,1181.96,80.0,90.63,Late,500.0
SHP-2024-0073,RT-06,2024-07-15,2024-07-15,WH-01,3720.0,4276.75,310.0,340.99,On-Time,0.0
SHP-2024-0074,RT-04,2024-03-23,2024-03-23,WH-03,960.0,1109.8,80.0,85.98,Late,500.0
SHP-2024-0075,RT-06,2024-10-14,2024-10-14,WH-01,3720.0,4215.13,310.0,320.32,On-Time,0.0
SHP-2024-0076,RT-01,2024-02-23,2024-02-23,WH-01,300.0,295.86,25.0,26.21,On-Time,0.0
SHP-2024-0077,RT-04,2024-03-15,2024-03-15,WH-03,960.0,1085.67,80.0,85.7,Late,500.0
SHP-2024-0078,RT-01,2024-11-30,2024-11-30,WH-01,300.0,339.54,25.0,25.55,On-Time,0.0
SHP-2024-0079,RT-05,2024-10-11,2024-10-11,WH-04,1140.0,1677.89,95.0,106.6,Late,500.0
SHP-2024-0080,RT-03,2024-07-23,2024-07-23,WH-02,480.0,506.29,40.0,40.42,On-Time,0.0
SHP-2024-0081,RT-04,2024-12-17,2024-12-17,WH-03,960.0,1202.2,80.0,87.79,Late,500.0
SHP-2024-0082,RT-04,2024-06-18,2024-06-18,WH-03,960.0,1149.16,80.0,85.42,On-Time,0.0
SHP-2024-0083,RT-04,2024-10-27,2024-10-27,WH-03,960.0,1188.48,80.0,86.57,On-Time,0.0
SHP-2024-0084,RT-02,2024-01-26,2024-01-26,WH-01,2940.0,3013.71,245.0,251.21,On-Time,0.0
SHP-2024-0085,RT-01,2024-08-03,2024-08-03,WH-01,300.0,295.31,25.0,25.9,On-Time,0.0
SHP-2024-0086,RT-01,2024-12-28,2024-12-28,WH-01,300.0,324.32,25.0,25.67,On-Time,0.0
SHP-2024-0087,RT-03,2024-09-29,2024-09-29,WH-02,480.0,499.03,40.0,40.42,On-Time,-0.0
SHP-2024-0088,RT-03,2024-03-07,2024-03-07,WH-02,480.0,503.41,40.0,41.3,On-Time,0.0
SHP-2024-0089,RT-04,2024-03-23,2024-03-23,WH-03,960.0,1101.12,80.0,87.03,On-Time,0.0
SHP-2024-0090,RT-06,2024-08-16,2024-08-16,WH-01,3720.0,3908.8,310.0,339.56,On-Time,0.0
SHP-2024-0091,RT-01,2024-11-13,2024-11-13,WH-01,300.0,334.79,25.0,26.01,Late,500.0
SHP-2024-0092,RT-01,2024-11-17,2024-11-17,WH-01,300.0,329.1,25.0,25.72,On-Time,0.0
SHP-2024-0093,RT-05,2024-11-30,2024-11-30,WH-04,1140.0,1643.53,95.0,112.12,Late,500.0
SHP-2024-0094,RT-05,2024-04-22,2024-04-22,WH-04,1140.0,1677.7,95.0,112.05,Late,500.0
SHP-2024-0095,RT-02,2024-09-15,2024-09-15,WH-01,2940.0,3058.18,245.0,245.63,On-Time,0.0
SHP-2024-0096,RT-03,2024-05-09,2024-05-09,WH-02,480.0,518.41,40.0,40.18,On-Time,0.0
SHP-2024-0097,RT-04,2024-03-09,2024-03-09,WH-03,960.0,1149.31,80.0,90.64,Late,500.0
SHP-2024-0098,RT-04,2024-01-01,2024-01-01,WH-03,960.0,1148.79,80.0,89.93,On-Time,0.0
SHP-2024-0099,RT-04,2024-10-12,2024-10-12,WH-03,960.0,1169.68,80.0,90.6,On-Time,0.0
SHP-2024-0100,RT-03,2024-03-29,2024-03-29,WH-02,480.0,502.62,40.0,41.37,On-Time,0.0
SHP-2024-0101,RT-04,2024-03-03,2024-03-03,WH-03,960.0,1093.03,80.0,88.02,On-Time,0.0
SHP-2024-0102,RT-06,2024-07-16,2024-07-16,WH-01,3720.0,4220.9,310.0,339.69,On-Time,0.0
SHP-2024-0103,RT-03,2024-06-05,2024-06-05,WH-02,480.0,535.9,40.0,40.3,On-Time,0.0
SHP-2024-0104,RT-01,2024-01-05,2024-01-05,WH-01,300.0,301.18,25.0,26.1,On-Time,0.0
SHP-2024-0105,RT-02,2024-05-15,2024-05-15,WH-01,2940.0,3410.71,245.0,246.84,On-Time,0.0
SHP-2024-0106,RT-05,2024-10-09,2024-10-09,WH-04,1140.0,1596.1,95.0,109.43,On-Time,0.0
SHP-2024-0107,RT-05,2024-04-13,2024-04-13,WH-04,1140.0,1548.85,95.0,111.71,On-Time,0.0
SHP-2024-0108,RT-03,2024-10-19,2024-10-19,WH-02,480.0,547.16,40.0,41.41,On-Time,0.0
SHP-2024-0109,RT-04,2024-10-23,2024-10-23,WH-03,960.0,1177.88,80.0,91.4,On-Time,0.0
SHP-2024-0110,RT-05,2024-01-01,2024-01-01,WH-04,1140.0,1456.72,95.0,116.9,On-Time,-0.0
SHP-2024-0111,RT-03,2024-11-08,2024-11-08,WH-02,480.0,544.04,40.0,40.01,On-Time,0.0
SHP-2024-0112,RT-04,2024-12-12,2024-12-12,WH-03,960.0,1196.5,80.0,87.62,Late,500.0
SHP-2024-0113,RT-03,2024-06-09,2024-06-09,WH-02,480.0,563.65,40.0,40.72,Late,500.0
SHP-2024-0114,RT-04,2024-12-26,2024-12-26,WH-03,960.0,1171.84,80.0,85.19,On-Time,0.0
SHP-2024-0115,RT-03,2024-08-02,2024-08-02,WH-02,480.0,512.63,40.0,40.85,On-Time,0.0
SHP-2024-0116,RT-02,2024-10-12,2024-10-12,WH-01,2940.0,3348.78,245.0,255.25,On-Time,0.0
SHP-2024-0117,RT-03,2024-08-09,2024-08-09,WH-02,480.0,494.07,40.0,41.11,On-Time,0.0
SHP-2024-0118,RT-01,2024-12-31,2024-12-31,WH-01,300.0,356.79,25.0,25.66,On-Time,0.0
SHP-2024-0119,RT-02,2024-09-11,2024-09-11,WH-01,2940.0,3017.16,245.0,245.24,On-Time,0.0
SHP-2024-0120,RT-04,2024-10-17,2024-10-17,WH-03,960.0,1283.95,80.0,85.95,On-Time,0.0
SHP-2024-0121,RT-03,2024-08-10,2024-08-10,WH-02,480.0,492.1,40.0,40.65,On-Time,0.0
SHP-2024-0122,RT-02,2024-02-05,2024-02-05,WH-01,2940.0,3122.98,245.0,252.88,On-Time,0.0
SHP-2024-0123,RT-06,2024-07-13,2024-07-13,WH-01,3720.0,4005.72,310.0,332.11,On-Time,0.0
SHP-2024-0124,RT-03,2024-12-20,2024-12-20,WH-02,480.0,544.34,40.0,41.9,On-Time,0.0
SHP-2024-0125,RT-04,2024-01-14,2024-01-14,WH-03,960.0,1128.87,80.0,89.93,On-Time,0.0
SHP-2024-0126,RT-06,2024-01-29,2024-01-29,WH-01,3720.0,4007.3,310.0,323.03,Late,500.0
SHP-2024-0127,RT-03,2024-02-03,2024-02-03,WH-02,480.0,508.36,40.0,41.11,On-Time,0.0
SHP-2024-0128,RT-04,2024-11-08,2024-11-08,WH-03,960.0,1216.37,80.0,86.13,On-Time,0.0
SHP-2024-0129,RT-03,2024-07-08,2024-07-08,WH-02,480.0,490.95,40.0,41.04,On-Time,0.0
SHP-2024-0130,RT-04,2024-10-08,2024-10-08,WH-03,960.0,1246.28,80.0,84.55,On-Time,0.0
SHP-2024-0131,RT-05,2024-04-20,2024-04-20,WH-04,1140.0,1527.94,95.0,118.1,Late,500.0
SHP-2024-0132,RT-02,2024-12-30,2024-12-30,WH-01,2940.0,3411.63,245.0,246.89,On-Time,0.0
SHP-2024-0133,RT-02,2024-04-13,2024-04-13,WH-01,2940.0,3443.58,245.0,250.33,On-Time,0.0
SHP-2024-0134,RT-01,2024-01-12,2024-01-12,WH-01,300.0,295.92,25.0,25.45,On-Time,0.0
SHP-2024-0135,RT-04,2024-10-29,2024-10-29,WH-03,960.0,1293.35,80.0,84.69,On-Time,0.0
SHP-2024-0136,RT-06,2024-01-25,2024-01-25,WH-01,3720.0,4146.56,310.0,338.9,On-Time,0.0
SHP-2024-0137,RT-06,2024-09-22,2024-09-22,WH-01,3720.0,4277.76,310.0,332.07,On-Time,0.0
SHP-2024-0138,RT-04,2024-04-26,2024-04-26,WH-03,960.0,1157.06,80.0,89.85,On-Time,0.0
SHP-2024-0139,RT-01,2024-04-12,2024-04-12,WH-01,300.0,328.9,25.0,25.05,On-Time,0.0
SHP-2024-0140,RT-04,2024-07-01,2024-07-01,WH-03,960.0,1119.16,80.0,87.24,On-Time,0.0
SHP-2024-0141,RT-06,2024-07-28,2024-07-28,WH-01,3720.0,4064.78,310.0,330.59,On-Time,0.0
SHP-2024-0142,RT-01,2024-09-07,2024-09-07,WH-01,300.0,305.11,25.0,26.09,On-Time,0.0
SHP-2024-0143,RT-01,2024-01-29,2024-01-29,WH-01,300.0,302.44,25.0,25.96,On-Time,0.0
SHP-2024-0144,RT-05,2024-12-24,2024-12-24,WH-04,1140.0,1527.25,95.0,111.95,On-Time,0.0
SHP-2024-0145,RT-01,2024-10-19,2024-10-19,WH-01,300.0,338.18,25.0,25.05,On-Time,0.0
SHP-2024-0146,RT-05,2024-10-19,2024-10-19,WH-04,1140.0,1510.22,95.0,115.71,On-Time,0.0
SHP-2024-0147,RT-05,2024-06-01,2024-06-01,WH-04,1140.0,1503.45,95.0,115.09,On-Time,0.0
SHP-2024-0148,RT-04,2024-11-25,2024-11-25,WH-03,960.0,1163.99,80.0,84.38,On-Time,0.0
SHP-2024-0149,RT-03,2024-08-02,2024-08-02,WH-02,480.0,516.32,40.0,41.11,On-Time,0.0
SHP-2024-0150,RT-01,2024-12-03,2024-12-03,WH-01,300.0,336.34,25.0,25.87,On-Time,0.0
SHP-2024-0151,RT-03,2024-04-07,2024-04-07,WH-02,480.0,539.59,40.0,40.91,On-Time,0.0
SHP-2024-0152,RT-06,2024-02-09,2024-02-09,WH-01,3720.0,4179.5,310.0,339.52,On-Time,0.0
SHP-2024-0153,RT-06,2024-02-06,2024-02-06,WH-01,3720.0,4160.17,310.0,324.08,Late,500.0
SHP-2024-0154,RT-03,2024-11-13,2024-11-13,WH-02,480.0,516.8699999999999,40.0,41.18,On-Time,0.0
SHP-2024-0155,RT-06,2024-08-03,2024-08-03,WH-01,3720.0,4150.94,310.0,336.6,On-Time,0.0
SHP-2024-0156,RT-02,2024-12-10,2024-12-10,WH-01,2940.0,3379.26,245.0,251.21,On-Time,0.0
SHP-2024-0157,RT-06,2024-01-31,2024-01-31,WH-01,3720.0,3953.94,310.0,337.22,On-Time,0.0
SHP-2024-0158,RT-01,2024-03-17,2024-03-17,WH-01,300.0,294.13,25.0,25.63,On-Time,0.0
SHP-2024-0159,RT-02,2024-12-25,2024-12-25,WH-01,2940.0,3434.14,245.0,248.18,On-Time,0.0
SHP-2024-0160,RT-01,2024-08-20,2024-08-20,WH-01,300.0,301.18,25.0,26.2,On-Time,0.0
SHP-2024-0161,RT-04,2024-12-17,2024-12-17,WH-03,960.0,1224.45,80.0,90.17,On-Time,0.0
SHP-2024-0162,RT-03,2024-04-29,2024-04-29,WH-02,480.0,590.54,40.0,40.09,On-Time,0.0
SHP-2024-0163,RT-06,2024-01-07,2024-01-07,WH-01,3720.0,4211.6,310.0,320.72,On-Time,0.0
SHP-2024-0164,RT-01,2024-08-13,2024-08-13,WH-01,300.0,302.95,25.0,26.25,On-Time,0.0
SHP-2024-0165,RT-04,2024-03-24,2024-03-24,WH-03,960.0,1096.19,80.0,89.24,On-Time,0.0
SHP-2024-0166,RT-02,2024-12-22,2024-12-22,WH-01,2940.0,3306.54,245.0,252.82,On-Time,0.0
SHP-2024-0167,RT-03,2024-06-10,2024-06-10,WH-02,480.0,546.99,40.0,40.43,On-Time,0.0
SHP-2024-0168,RT-05,2024-05-24,2024-05-24,WH-04,1140.0,1527.25,95.0,105.8,On-Time,0.0
SHP-2024-0169,RT-06,2024-11-11,2024-11-11,WH-01,3720.0,4220.9,310.0,340.29,Late,500.0
SHP-2024-0170,RT-03,2024-11-14,2024-11-14,WH-02,480.0,553.39,40.0,41.3,On-Time,0.0
SHP-2024-0171,RT-03,2024-11-15,2024-11-15,WH-02,480.0,580.92,40.0,40.79,On-Time,0.0
SHP-2024-0172,RT-03,2024-09-23,2024-09-23,WH-02,480.0,492.62,40.0,40.96,On-Time,0.0
SHP-2024-0173,RT-03,2024-08-29,2024-08-29,WH-02,480.0,504.51,40.0,40.65,Failed,1000.0
SHP-2024-0174,RT-04,2024-04-12,2024-04-12,WH-03,960.0,1251.87,80.0,85.06,On-Time,0.0
SHP-2024-0175,RT-04,2024-11-12,2024-11-12,WH-03,960.0,1232.4,80.0,89.65,Late,500.0
SHP-2024-0176,RT-06,2024-11-13,2024-11-13,WH-01,3720.0,4540.69,310.0,336.3,On-Time,0.0
SHP-2024-0177,RT-03,2024-01-03,2024-01-03,WH-02,480.0,494.32,40.0,40.08,On-Time,0.0
SHP-2024-0178,RT-06,2024-10-27,2024-10-27,WH-01,3720.0,4419.22,310.0,332.66,On-Time,0.0
SHP-2024-0179,RT-01,2024-03-22,2024-03-22,WH-01,300.0,307.72,25.0,25.03,On-Time,0.0
SHP-2024-0180,RT-04,2024-02-04,2024-02-04,WH-03,960.0,1107.33,80.0,85.76,Late,500.0
SHP-2024-0181,RT-06,2024-01-24,2024-01-24,WH-01,3720.0,4034.69,310.0,328.53,On-Time,0.0
SHP-2024-0182,RT-03,2024-04-05,2024-04-05,WH-02,480.0,534.37,40.0,41.18,On-Time,0.0
SHP-2024-0183,RT-01,2024-08-30,2024-08-30,WH-01,300.0,313.16,25.0,25.74,On-Time,0.0
SHP-2024-0184,RT-06,2024-08-12,2024-08-12,WH-01,3720.0,4172.29,310.0,322.16,On-Time,0.0
SHP-2024-0185,RT-01,2024-10-19,2024-10-19,WH-01,300.0,327.08,25.0,26.07,On-Time,0.0
SHP-2024-0186,RT-03,2024-11-21,2024-11-21,WH-02,480.0,543.42,40.0,41.3,On-Time,0.0
SHP-2024-0187,RT-02,2024-10-29,2024-10-29,WH-01,2940.0,3451.87,245.0,247.87,On-Time,0.0
SHP-2024-0188,RT-03,2024-09-13,2024-09-13,WH-02,480.0,506.53,40.0,40.9,On-Time,0.0
SHP-2024-0189,RT-02,2024-06-23,2024-06-23,WH-01,2940.0,3496.86,245.0,251.21,On-Time,0.0
SHP-2024-0190,RT-05,2024-11-29,2024-11-29,WH-04,1140.0,1668.41,95.0,105.31,Late,500.0
SHP-2024-0191,RT-02,2024-06-09,2024-06-09,WH-01,2940.0,3260.71,245.0,251.21,On-Time,0.0
SHP-2024-0192,RT-05,2024-11-01,2024-11-01,WH-04,1140.0,1577.86,95.0,118.37,On-Time,0.0
SHP-2024-0193,RT-05,2024-11-03,2024-11-03,WH-04,1140.0,1567.1,95.0,114.54,On-Time,0.0
SHP-2024-0194,RT-03,2024-03-26,2024-03-26,WH-02,480.0,516.8699999999999,40.0,40.51,On-Time,0.0
SHP-2024-0195,RT-01,2024-05-24,2024-05-24,WH-01,300.0,351.76,25.0,26.04,On-Time,0.0
SHP-2024-0196,RT-02,2024-10-13,2024-10-13,WH-01,2940.0,3421.51,245.0,253.07,On-Time,0.0
SHP-2024-0197,RT-03,2024-03-13,2024-03-13,WH-02,480.0,518.21,40.0,41.73,On-Time,0.0
SHP-2024-0198,RT-02,2024-11-19,2024-11-19,WH-01,2940.0,3580.56,245.0,252.97,On-Time,0.0
SHP-2024-0199,RT-05,2024-12-04,2024-12-04,WH-04,1140.0,1546.37,95.0,116.88,On-Time,0.0
SHP-2024-0200,RT-03,2024-05-22,2024-05-22,WH-02,480.0,548.3,40.0,41.39,On-Time,0.0
SHP-2024-0201,RT-06,2024-09-23,2024-09-23,WH-01,3720.0,4154.58,310.0,332.39,On-Time,0.0
SHP-2024-0202,RT-04,2024-11-23,2024-11-23,WH-03,960.0,1170.45,80.0,88.15,On-Time,0.0
SHP-2024-0203,RT-06,2024-10-26,2024-10-26,WH-01,3720.0,1216.37,310.0,329.64,On-Time,0.0
SHP-2024-0204,RT-02,2024-04-16,2024-04-16,WH-01,2940.0,3548.22,245.0,245.09,On-Time,0.0
SHP-2024-0205,RT-02,2024-10-01,2024-10-01,WH-01,2940.0,3317.94,245.0,246.24,On-Time,0.0
SHP-2024-0206,RT-01,2024-05-23,2024-05-23,WH-01,300.0,336.88,25.0,25.11,On-Time,0.0
SHP-2024-0207,RT-04,2024-12-16,2024-12-16,WH-03,960.0,1214.43,80.0,88.46,Failed,1000.0
SHP-2024-0208,RT-04,2024-02-05,2024-02-05,WH-03,960.0,1081.88,80.0,87.4,On-Time,0.0
SHP-2024-0209,RT-06,2024-05-20,2024-05-20,WH-01,3720.0,4793.59,310.0,329.07,On-Time,0.0
SHP-2024-0210,RT-03,2024-05-04,2024-05-04,WH-02,480.0,565.85,40.0,41.81,On-Time,0.0
SHP-2024-0211,RT-01,2024-02-29,2024-02-29,WH-01,300.0,311.0,25.0,25.84,On-Time,0.0
SHP-2024-0212,RT-04,2024-06-23,2024-06-23,WH-03,960.0,1253.06,80.0,85.88,On-Time,0.0
SHP-2024-0213,RT-01,2024-06-08,2024-06-08,WH-01,300.0,333.28,25.0,25.8,Late,500.0
SHP-2024-0214,RT-05,2024-03-25,2024-03-25,WH-04,1140.0,1443.7,95.0,114.13,On-Time,0.0
SHP-2024-0215,RT-05,2024-07-06,2024-07-06,WH-04,1140.0,1471.15,95.0,116.17,Late,500.0
SHP-2024-0216,RT-02,2024-06-12,2024-06-12,WH-01,2940.0,3277.89,245.0,247.35,On-Time,0.0
SHP-2024-0217,RT-06,2024-01-05,2024-01-05,WH-01,3720.0,4144.14,310.0,320.82,On-Time,0.0
SHP-2024-0218,RT-05,2024-09-15,2024-09-15,WH-04,1140.0,1376.95,95.0,107.21,Late,500.0
SHP-2024-0219,RT-04,2024-10-12,2024-10-12,WH-03,960.0,1185.71,80.0,86.67,On-Time,0.0
SHP-2024-0220,RT-06,2024-06-06,2024-06-06,WH-01,3720.0,4542.19,310.0,329.07,On-Time,0.0
SHP-2024-0221,RT-05,2024-10-05,2024-10-05,WH-04,1140.0,1602.12,95.0,110.19,On-Time,0.0
SHP-2024-0222,RT-03,2024-03-24,2024-03-24,WH-02,480.0,492.17,40.0,41.25,On-Time,0.0
SHP-2024-0223,RT-06,2024-08-13,2024-08-13,WH-01,3720.0,3949.77,310.0,320.67,On-Time,0.0
SHP-2024-0224,RT-03,2024-09-05,2024-09-05,WH-02,480.0,498.4,40.0,41.11,On-Time,0.0
SHP-2024-0225,RT-01,2024-05-22,2024-05-22,WH-01,300.0,333.98,25.0,26.24,On-Time,0.0
SHP-2024-0226,RT-04,2024-08-03,2024-08-03,WH-03,960.0,1130.61,80.0,88.26,Late,500.0
SHP-2024-0227,RT-02,2024-03-06,2024-03-06,WH-01,2940.0,1216.37,245.0,246.88,On-Time,0.0
SHP-2024-0228,RT-03,2024-09-09,2024-09-09,WH-02,480.0,516.18,40.0,41.72,On-Time,0.0
SHP-2024-0229,RT-02,2024-01-25,2024-01-25,WH-01,2940.0,3020.28,245.0,253.16,On-Time,0.0
SHP-2024-0230,RT-06,2024-01-12,2024-01-12,WH-01,3720.0,4066.89,310.0,340.26,On-Time,0.0
SHP-2024-0231,RT-03,2024-06-08,2024-06-08,WH-02,480.0,565.81,40.0,40.43,On-Time,0.0
SHP-2024-0232,RT-01,2024-12-10,2024-12-10,WH-01,300.0,332.45,25.0,25.07,On-Time,-0.0
SHP-2024-0233,RT-02,2024-11-24,2024-11-24,WH-01,2940.0,3252.03,245.0,254.59,On-Time,0.0
SHP-2024-0234,RT-06,2024-09-29,2024-09-29,WH-01,3720.0,3988.14,310.0,324.35,Late,500.0
SHP-2024-0235,RT-01,2024-03-03,2024-03-03,WH-01,300.0,302.5,25.0,25.99,On-Time,0.0
SHP-2024-0236,RT-01,2024-08-16,2024-08-16,WH-01,300.0,314.24,25.0,25.48,On-Time,0.0
SHP-2024-0237,RT-04,2024-03-19,2024-03-19,WH-03,960.0,1127.5,80.0,88.66,Late,500.0
SHP-2024-0238,RT-03,2024-08-29,2024-08-29,WH-02,480.0,495.33,40.0,41.26,Late,500.0
SHP-2024-0239,RT-06,2024-07-09,2024-07-09,WH-01,3720.0,4004.96,310.0,330.14,Late,500.0
SHP-2024-0240,RT-01,2024-08-14,2024-08-14,WH-01,300.0,302.28,25.0,25.47,On-Time,0.0
SHP-2024-0241,RT-06,2024-07-10,2024-07-10,WH-01,3720.0,4023.33,310.0,336.38,On-Time,0.0
SHP-2024-0242,RT-06,2024-11-09,2024-11-09,WH-01,3720.0,4752.7,310.0,324.79,On-Time,0.0
SHP-2024-0243,RT-04,2024-12-08,2024-12-08,WH-03,960.0,1221.21,80.0,88.15,On-Time,0.0
SHP-2024-0244,RT-02,2024-02-12,2024-02-12,WH-01,2940.0,3140.3,245.0,253.07,On-Time,0.0
SHP-2024-0245,RT-03,2024-11-09,2024-11-09,WH-02,480.0,594.37,40.0,40.92,On-Time,0.0
SHP-2024-0246,RT-01,2024-09-17,2024-09-17,WH-01,300.0,311.44,25.0,25.69,Failed,1000.0
SHP-2024-0247,RT-05,2024-09-12,2024-09-12,WH-04,1140.0,1534.89,95.0,110.88,On-Time,-0.0
SHP-2024-0248,RT-05,2024-03-18,2024-03-18,WH-04,1140.0,1532.13,95.0,105.49,On-Time,0.0
SHP-2024-0249,RT-04,2024-09-14,2024-09-14,WH-03,960.0,1119.93,80.0,88.82,On-Time,0.0
SHP-2024-0250,RT-06,2024-09-29,2024-09-29,WH-01,3720.0,3989.56,310.0,339.44,On-Time,0.0
SHP-2024-0251,RT-06,2024-10-04,2024-10-04,WH-01,3720.0,4751.28,310.0,325.24,On-Time,0.0
SHP-2024-0252,RT-06,2024-08-09,2024-08-09,WH-01,3720.0,4220.9,310.0,337.99,On-Time,0.0
SHP-2024-0253,RT-03,2024-05-05,2024-05-05,WH-02,480.0,575.75,40.0,41.68,On-Time,0.0
SHP-2024-0254,RT-04,2024-10-11,2024-10-11,WH-03,960.0,1211.92,80.0,89.82,Late,500.0
SHP-2024-0255,RT-04,2024-06-19,2024-06-19,WH-03,960.0,1258.19,80.0,90.07,Late,500.0
SHP-2024-0256,RT-06,2024-08-16,2024-08-16,WH-01,3720.0,4077.7,310.0,322.77,Late,500.0
SHP-2024-0257,RT-02,2024-04-13,2024-04-13,WH-01,2940.0,3519.09,245.0,247.38,On-Time,0.0
SHP-2024-0258,RT-04,2024-04-21,2024-04-21,WH-03,960.0,1174.23,80.0,90.27,On-Time,0.0
SHP-2024-0259,RT-05,2024-04-30,2024-04-30,WH-04,1140.0,1549.25,95.0,118.15,Late,500.0
SHP-2024-0260,RT-04,2024-04-20,2024-04-20,WH-03,960.0,1287.39,80.0,87.59,On-Time,0.0
SHP-2024-0261,RT-04,2024-07-20,2024-07-20,WH-03,960.0,1102.5,80.0,88.96,On-Time,0.0
SHP-2024-0262,RT-05,2024-08-08,2024-08-08,WH-04,1140.0,1379.09,95.0,113.65,On-Time,0.0
SHP-2024-0263,RT-01,2024-06-10,2024-06-10,WH-01,300.0,322.69,25.0,25.75,On-Time,0.0
SHP-2024-0264,RT-05,2024-01-30,2024-01-30,WH-04,1140.0,1403.88,95.0,118.49,On-Time,0.0
SHP-2024-0265,RT-06,2024-04-22,2024-04-22,WH-01,3720.0,4222.81,310.0,328.72,On-Time,0.0
SHP-2024-0266,RT-05,2024-06-09,2024-06-09,WH-04,1140.0,1666.65,95.0,110.5,Late,500.0
SHP-2024-0267,RT-02,2024-03-30,2024-03-30,WH-01,2940.0,3031.34,245.0,252.2,On-Time,0.0
SHP-2024-0268,RT-06,2024-12-15,2024-12-15,WH-01,3720.0,4415.58,310.0,337.35,On-Time,0.0
SHP-2024-0269,RT-01,2024-03-09,2024-03-09,WH-01,300.0,297.91,25.0,26.05,On-Time,0.0
SHP-2024-0270,RT-01,2024-09-16,2024-09-16,WH-01,300.0,312.98,25.0,25.06,On-Time,0.0
SHP-2024-0271,RT-03,2024-06-22,2024-06-22,WH-02,480.0,555.26,40.0,41.22,On-Time,0.0
SHP-2024-0272,RT-01,2024-12-07,2024-12-07,WH-01,300.0,341.26,25.0,25.33,On-Time,0.0
SHP-2024-0273,RT-03,2024-02-13,2024-02-13,WH-02,480.0,514.17,40.0,40.31,Late,500.0
SHP-2024-0274,RT-05,2024-07-14,2024-07-14,WH-04,1140.0,1499.99,95.0,110.88,Late,500.0
SHP-2024-0275,RT-01,2024-07-17,2024-07-17,WH-01,300.0,311.39,25.0,25.49,On-Time,0.0
SHP-2024-0276,RT-03,2024-03-22,2024-03-22,WH-02,480.0,510.48,40.0,40.29,On-Time,0.0
SHP-2024-0277,RT-02,2024-06-09,2024-06-09,WH-01,2940.0,3266.73,245.0,246.85,On-Time,0.0
SHP-2024-0278,RT-02,2024-12-19,2024-12-19,WH-01,2940.0,3494.23,245.0,249.95,On-Time,0.0
SHP-2024-0279,RT-03,2024-01-05,2024-01-05,WH-02,480.0,514.08,40.0,41.89,On-Time,0.0
SHP-2024-0280,RT-04,2024-03-16,2024-03-16,WH-03,960.0,1148.79,80.0,84.5,On-Time,0.0
SHP-2024-0281,RT-06,2024-02-18,2024-02-18,WH-01,3720.0,4002.21,310.0,323.67,Late,500.0
SHP-2024-0282,RT-01,2024-08-19,2024-08-19,WH-01,300.0,312.47,25.0,26.1,On-Time,0.0
SHP-2024-0283,RT-04,2024-01-26,2024-01-26,WH-03,960.0,1117.63,80.0,88.46,Late,500.0
SHP-2024-0284,RT-05,2024-08-14,2024-08-14,WH-04,1140.0,1480.31,95.0,106.0,On-Time,0.0
SHP-2024-0285,RT-06,2024-09-23,2024-09-23,WH-01,3720.0,4100.68,310.0,323.72,On-Time,0.0
SHP-2024-0286,RT-02,2024-03-12,2024-03-12,WH-01,2940.0,3068.65,245.0,254.77,On-Time,-0.0
SHP-2024-0287,RT-01,2024-09-19,2024-09-19,WH-01,300.0,301.63,25.0,25.77,On-Time,0.0
SHP-2024-0288,RT-02,2024-01-08,2024-01-08,WH-01,2940.0,3114.22,245.0,255.95,On-Time,0.0
SHP-2024-0289,RT-05,2024-10-28,2024-10-28,WH-04,1140.0,1688.47,95.0,109.06,Late,500.0
SHP-2024-0290,RT-01,2024-08-10,2024-08-10,WH-01,300.0,296.73,25.0,25.82,On-Time,0.0
SHP-2024-0291,RT-06,2024-06-02,2024-06-02,WH-01,3720.0,4465.33,310.0,321.02,On-Time,0.0
SHP-2024-0292,RT-01,2024-12-29,2024-12-29,WH-01,300.0,331.49,25.0,25.57,On-Time,0.0
SHP-2024-0293,RT-03,2024-09-04,2024-09-04,WH-02,480.0,510.31,40.0,40.17,On-Time,0.0
SHP-2024-0294,RT-05,2024-11-09,2024-11-09,WH-04,1140.0,1216.37,95.0,113.25,On-Time,0.0
SHP-2024-0295,RT-06,2024-10-15,2024-10-15,WH-01,3720.0,1216.37,310.0,322.04,On-Time,0.0
SHP-2024-0296,RT-03,2024-09-03,2024-09-03,WH-02,480.0,508.11,40.0,40.56,On-Time,0.0
SHP-2024-0297,RT-02,2024-10-28,2024-10-28,WH-01,2940.0,3389.62,245.0,254.3,On-Time,0.0
SHP-2024-0298,RT-06,2024-08-12,2024-08-12,WH-01,3720.0,3906.07,310.0,338.27,Late,500.0
SHP-2024-0299,RT-03,2024-05-26,2024-05-26,WH-02,480.0,538.25,40.0,41.95,Late,500.0
SHP-2024-0300,RT-01,2024-03-23,2024-03-23,WH-01,300.0,311.35,25.0,26.22,On-Time,0.0
SHP-2024-0301,RT-05,2024-03-03,2024-03-03,WH-04,1140.0,1475.43,95.0,112.47,On-Time,0.0
SHP-2024-0302,RT-06,2024-11-12,2024-11-12,WH-01,3720.0,1216.37,310.0,320.78,On-Time,0.0
SHP-2024-0303,RT-06,2024-08-14,2024-08-14,WH-01,3720.0,4177.65,310.0,324.21,On-Time,0.0
SHP-2024-0304,RT-06,2024-05-04,2024-05-04,WH-01,3720.0,4528.38,310.0,332.17,Late,500.0
SHP-2024-0305,RT-06,2024-02-04,2024-02-04,WH-01,3720.0,4199.57,310.0,325.11,On-Time,0.0
SHP-2024-0306,RT-02,2024-06-20,2024-06-20,WH-01,2940.0,3440.41,245.0,246.41,On-Time,0.0
SHP-2024-0307,RT-03,2024-10-27,2024-10-27,WH-02,480.0,561.37,40.0,41.39,On-Time,0.0
SHP-2024-0308,RT-05,2024-08-19,2024-08-19,WH-04,1140.0,1444.14,95.0,118.01,On-Time,0.0
SHP-2024-0309,RT-01,2024-01-28,2024-01-28,WH-01,300.0,310.52,25.0,25.29,On-Time,0.0
SHP-2024-0310,RT-03,2024-12-26,2024-12-26,WH-02,480.0,536.86,40.0,41.01,On-Time,0.0
SHP-2024-0311,RT-06,2024-10-09,2024-10-09,WH-01,3720.0,4598.9,310.0,322.34,On-Time,0.0
SHP-2024-0312,RT-05,2024-08-24,2024-08-24,WH-04,1140.0,1469.04,95.0,111.26,On-Time,0.0
SHP-2024-0313,RT-05,2024-12-18,2024-12-18,WH-04,1140.0,1666.61,95.0,109.33,On-Time,-0.0
SHP-2024-0314,RT-02,2024-02-10,2024-02-10,WH-01,2940.0,3092.57,245.0,255.02,On-Time,0.0
SHP-2024-0315,RT-06,2024-05-26,2024-05-26,WH-01,3720.0,4220.9,310.0,329.08,On-Time,0.0
SHP-2024-0316,RT-02,2024-04-18,2024-04-18,WH-01,2940.0,3457.57,245.0,252.45,On-Time,0.0
SHP-2024-0317,RT-06,2024-06-22,2024-06-22,WH-01,3720.0,4225.74,310.0,320.41,On-Time,0.0
SHP-2024-0318,RT-03,2024-05-06,2024-05-06,WH-02,480.0,546.23,40.0,41.33,On-Time,0.0
SHP-2024-0319,RT-03,2024-05-22,2024-05-22,WH-02,480.0,558.97,40.0,41.5,On-Time,0.0
SHP-2024-0320,RT-04,2024-07-28,2024-07-28,WH-03,960.0,1084.09,80.0,85.11,Late,500.0
SHP-2024-0321,RT-05,2024-01-02,2024-01-02,WH-04,1140.0,1509.76,95.0,112.05,On-Time,0.0
SHP-2024-0322,RT-04,2024-08-22,2024-08-22,WH-03,960.0,1119.53,80.0,87.89,Late,500.0
SHP-2024-0323,RT-02,2024-10-05,2024-10-05,WH-01,2940.0,3277.86,245.0,255.0,On-Time,0.0
SHP-2024-0324,RT-02,2024-05-01,2024-05-01,WH-01,2940.0,3307.42,245.0,252.23,On-Time,0.0
SHP-2024-0325,RT-05,2024-03-15,2024-03-15,WH-04,1140.0,1431.47,95.0,112.8,On-Time,0.0
SHP-2024-0326,RT-05,2024-06-04,2024-06-04,WH-04,1140.0,1585.93,95.0,110.64,Late,500.0
SHP-2024-0327,RT-06,2024-05-05,2024-05-05,WH-01,3720.0,4474.94,310.0,332.23,On-Time,0.0
SHP-2024-0328,RT-05,2024-04-22,2024-04-22,WH-04,1140.0,1527.59,95.0,106.5,On-Time,0.0
SHP-2024-0329,RT-06,2024-12-28,2024-12-28,WH-01,3720.0,4173.07,310.0,329.07,On-Time,0.0
SHP-2024-0330,RT-03,2024-02-06,2024-02-06,WH-02,480.0,498.64,40.0,41.11,On-Time,0.0
SHP-2024-0331,RT-05,2024-10-11,2024-10-11,WH-04,1140.0,1668.65,95.0,108.61,Late,500.0
SHP-2024-0332,RT-02,2024-10-31,2024-10-31,WH-01,2940.0,3254.69,245.0,251.52,On-Time,0.0
SHP-2024-0333,RT-04,2024-09-06,2024-09-06,WH-03,960.0,1101.5,80.0,84.46,Late,500.0
SHP-2024-0334,RT-02,2024-04-01,2024-04-01,WH-01,2940.0,3381.7,245.0,252.14,On-Time,0.0
SHP-2024-0335,RT-02,2024-09-08,2024-09-08,WH-01,2940.0,3056.28,245.0,251.21,On-Time,0.0
SHP-2024-0336,RT-04,2024-10-10,2024-10-10,WH-03,960.0,1288.76,80.0,90.82,Late,500.0
SHP-2024-0337,RT-01,2024-06-21,2024-06-21,WH-01,300.0,331.53,25.0,25.57,On-Time,-0.0
SHP-2024-0338,RT-03,2024-01-12,2024-01-12,WH-02,480.0,516.93,40.0,41.94,On-Time,0.0
SHP-2024-0339,RT-03,2024-07-01,2024-07-01,WH-02,480.0,497.83,40.0,40.75,On-Time,0.0
SHP-2024-0340,RT-02,2024-08-29,2024-08-29,WH-01,2940.0,3156.58,245.0,253.89,On-Time,0.0
SHP-2024-0341,RT-02,2024-09-16,2024-09-16,WH-01,2940.0,3082.85,245.0,254.88,On-Time,0.0
SHP-2024-0342,RT-02,2024-08-12,2024-08-12,WH-01,2940.0,3009.82,245.0,255.94,On-Time,0.0
SHP-2024-0343,RT-04,2024-07-07,2024-07-07,WH-03,960.0,1076.67,80.0,91.41,On-Time,0.0
SHP-2024-0344,RT-01,2024-10-24,2024-10-24,WH-01,300.0,348.12,25.0,25.79,On-Time,0.0
SHP-2024-0345,RT-04,2024-01-19,2024-01-19,WH-03,960.0,1151.59,80.0,85.61,Late,500.0
SHP-2024-0346,RT-02,2024-01-01,2024-01-01,WH-01,2940.0,2999.8,245.0,245.85,On-Time,0.0
SHP-2024-0347,RT-06,2024-02-04,2024-02-04,WH-01,3720.0,3938.96,310.0,332.62,On-Time,0.0
SHP-2024-0348,RT-01,2024-03-15,2024-03-15,WH-01,300.0,296.33,25.0,25.44,On-Time,0.0
SHP-2024-0349,RT-06,2024-05-02,2024-05-02,WH-01,3720.0,4414.57,310.0,338.16,On-Time,-0.0
SHP-2024-0350,RT-01,2024-01-13,2024-01-13,WH-01,300.0,298.43,25.0,25.83,On-Time,0.0
SHP-2024-0351,RT-04,2024-02-22,2024-02-22,WH-03,960.0,1117.36,80.0,90.74,Late,500.0
SHP-2024-0352,RT-02,2024-11-08,2024-11-08,WH-01,2940.0,3401.77,245.0,254.31,On-Time,0.0
SHP-2024-0353,RT-01,2024-05-27,2024-05-27,WH-01,300.0,335.39,25.0,25.85,On-Time,0.0
SHP-2024-0354,RT-02,2024-09-20,2024-09-20,WH-01,2940.0,3086.42,245.0,248.32,On-Time,0.0
SHP-2024-0355,RT-05,2024-07-22,2024-07-22,WH-04,1140.0,1385.57,95.0,110.23,On-Time,500.0
SHP-2024-0356,RT-01,2024-07-27,2024-07-27,WH-01,300.0,311.63,25.0,25.08,Late,500.0
SHP-2024-0357,RT-03,2024-05-18,2024-05-18,WH-02,480.0,516.8699999999999,40.0,41.65,On-Time,0.0
SHP-2024-0358,RT-05,2024-05-20,2024-05-20,WH-04,1140.0,1638.28,95.0,110.52,On-Time,0.0
SHP-2024-0359,RT-04,2024-11-11,2024-11-11,WH-03,960.0,1186.22,80.0,89.06,Late,500.0
SHP-2024-0360,RT-02,2024-01-24,2024-01-24,WH-01,2940.0,3166.52,245.0,254.32,On-Time,0.0
SHP-2024-0361,RT-02,2024-05-19,2024-05-19,WH-01,2940.0,3318.59,245.0,257.24,On-Time,0.0
SHP-2024-0362,RT-06,2024-08-14,2024-08-14,WH-01,3720.0,3925.48,310.0,327.32,On-Time,0.0
SHP-2024-0363,RT-04,2024-01-16,2024-01-16,WH-03,960.0,1142.0,80.0,86.97,On-Time,0.0
SHP-2024-0364,RT-02,2024-06-21,2024-06-21,WH-01,2940.0,3507.46,245.0,245.44,On-Time,0.0
SHP-2024-0365,RT-06,2024-11-05,2024-11-05,WH-01,3720.0,4570.8,310.0,323.62,On-Time,0.0
SHP-2024-0366,RT-05,2024-02-22,2024-02-22,WH-04,1140.0,1510.87,95.0,108.31,Late,500.0
SHP-2024-0367,RT-03,2024-05-17,2024-05-17,WH-02,480.0,553.21,40.0,40.06,On-Time,0.0
SHP-2024-0368,RT-06,2024-07-06,2024-07-06,WH-01,3720.0,4189.58,310.0,327.93,On-Time,0.0
SHP-2024-0369,RT-06,2024-06-29,2024-06-29,WH-01,3720.0,4399.61,310.0,320.96,Failed,1000.0
SHP-2024-0370,RT-04,2024-01-07,2024-01-07,WH-03,960.0,1103.75,80.0,86.78,Late,500.0
SHP-2024-0371,RT-02,2024-08-15,2024-08-15,WH-01,2940.0,3002.96,245.0,255.38,On-Time,0.0
SHP-2024-0372,RT-03,2024-02-28,2024-02-28,WH-02,480.0,491.49,40.0,40.61,On-Time,0.0
SHP-2024-0373,RT-05,2024-05-03,2024-05-03,WH-04,1140.0,1578.76,95.0,111.25,On-Time,0.0
SHP-2024-0374,RT-06,2024-10-14,2024-10-14,WH-01,3720.0,4335.23,310.0,320.94,Failed,1000.0
SHP-2024-0375,RT-03,2024-10-27,2024-10-27,WH-02,480.0,571.07,40.0,40.55,On-Time,0.0
SHP-2024-0376,RT-02,2024-06-23,2024-06-23,WH-01,2940.0,3345.89,245.0,256.24,On-Time,0.0
SHP-2024-0377,RT-03,2024-01-05,2024-01-05,WH-02,480.0,496.23,40.0,40.99,Late,500.0
SHP-2024-0378,RT-06,2024-01-15,2024-01-15,WH-01,3720.0,4259.05,310.0,326.99,On-Time,0.0
SHP-2024-0379,RT-01,2024-08-10,2024-08-10,WH-01,300.0,297.48,25.0,25.05,On-Time,0.0
SHP-2024-0380,RT-02,2024-08-27,2024-08-27,WH-01,2940.0,3091.8,245.0,257.19,On-Time,0.0
SHP-2024-0381,RT-05,2024-02-17,2024-02-17,WH-04,1140.0,1530.97,95.0,110.3,On-Time,0.0
SHP-2024-0382,RT-05,2024-01-19,2024-01-19,WH-04,1140.0,1404.59,95.0,107.01,Late,500.0
SHP-2024-0383,RT-02,2024-02-28,2024-02-28,WH-01,2940.0,3121.98,245.0,249.35,On-Time,0.0
SHP-2024-0384,RT-04,2024-01-08,2024-01-08,WH-03,960.0,1099.01,80.0,90.18,Late,500.0
SHP-2024-0385,RT-05,2024-04-02,2024-04-02,WH-04,1140.0,1439.81,95.0,111.61,Late,500.0
SHP-2024-0386,RT-05,2024-08-03,2024-08-03,WH-04,1140.0,1398.42,95.0,116.02,On-Time,0.0
SHP-2024-0387,RT-02,2024-12-29,2024-12-29,WH-01,2940.0,1216.37,245.0,253.11,On-Time,0.0
SHP-2024-0388,RT-04,2024-03-29,2024-03-29,WH-03,960.0,1103.75,80.0,90.09,On-Time,0.0
SHP-2024-0389,RT-02,2024-03-31,2024-03-31,WH-01,2940.0,3108.53,245.0,248.38,On-Time,0.0
SHP-2024-0390,RT-06,2024-11-19,2024-11-19,WH-01,3720.0,4825.85,310.0,337.69,On-Time,0.0
SHP-2024-0391,RT-06,2024-07-11,2024-07-11,WH-01,3720.0,4228.44,310.0,323.1,On-Time,0.0
SHP-2024-0392,RT-06,2024-05-28,2024-05-28,WH-01,3720.0,4515.99,310.0,330.51,On-Time,0.0
SHP-2024-0393,RT-04,2024-10-05,2024-10-05,WH-03,960.0,1191.87,80.0,87.81,On-Time,0.0
SHP-2024-0394,RT-06,2024-11-19,2024-11-19,WH-01,3720.0,4639.56,310.0,325.71,Late,500.0
SHP-2024-0395,RT-06,2024-01-24,2024-01-24,WH-01,3720.0,4212.82,310.0,326.95,On-Time,0.0
SHP-2024-0396,RT-02,2024-03-09,2024-03-09,WH-01,2940.0,3260.71,245.0,249.8,On-Time,0.0
SHP-2024-0397,RT-06,2024-12-22,2024-12-22,WH-01,3720.0,4260.68,310.0,334.99,Late,500.0
SHP-2024-0398,RT-01,2024-10-29,2024-10-29,WH-01,300.0,337.52,25.0,25.24,On-Time,0.0
SHP-2024-0399,RT-04,2024-11-01,2024-11-01,WH-03,960.0,1223.69,80.0,91.17,Late,500.0
SHP-2024-0400,RT-06,2024-02-08,2024-02-08,WH-01,3720.0,4189.64,310.0,324.08,On-Time,0.0
SHP-2024-0401,RT-06,2024-07-20,2024-07-20,WH-01,3720.0,4006.08,310.0,319.75,On-Time,0.0
SHP-2024-0402,RT-06,2024-09-29,2024-09-29,WH-01,3720.0,4016.32,310.0,332.35,On-Time,0.0
SHP-2024-0403,RT-04,2024-07-09,2024-07-09,WH-03,960.0,1103.56,80.0,88.46,On-Time,0.0
SHP-2024-0404,RT-04,2024-06-15,2024-06-15,WH-03,960.0,1160.15,80.0,90.8,Late,500.0
SHP-2024-0405,RT-06,2024-11-03,2024-11-03,WH-01,3720.0,4449.81,310.0,322.71,On-Time,0.0
SHP-2024-0406,RT-04,2024-09-27,2024-09-27,WH-03,960.0,1104.94,80.0,88.05,On-Time,0.0
SHP-2024-0407,RT-06,2024-03-18,2024-03-18,WH-01,3720.0,4266.94,310.0,334.57,On-Time,0.0
SHP-2024-0408,RT-06,2024-06-16,2024-06-16,WH-01,3720.0,4592.59,310.0,320.42,On-Time,0.0
SHP-2024-0409,RT-02,2024-03-29,2024-03-29,WH-01,2940.0,3053.45,245.0,246.93,On-Time,0.0
SHP-2024-0410,RT-05,2024-01-07,2024-01-07,WH-04,1140.0,1527.94,95.0,108.96,On-Time,0.0
SHP-2024-0411,RT-04,2024-01-12,2024-01-12,WH-03,960.0,1098.76,80.0,86.3,On-Time,0.0
SHP-2024-0412,RT-03,2024-11-29,2024-11-29,WH-02,480.0,539.23,40.0,41.11,Failed,1000.0
SHP-2024-0413,RT-04,2024-02-16,2024-02-16,WH-03,960.0,1150.62,80.0,87.05,On-Time,0.0
SHP-2024-0414,RT-05,2024-09-04,2024-09-04,WH-04,1140.0,1423.62,95.0,118.61,On-Time,0.0
SHP-2024-0415,RT-05,2024-06-05,2024-06-05,WH-04,1140.0,1530.81,95.0,118.42,On-Time,0.0
SHP-2024-0416,RT-06,2024-08-06,2024-08-06,WH-01,3720.0,1216.37,310.0,330.58,On-Time,0.0
SHP-2024-0417,RT-05,2024-10-06,2024-10-06,WH-04,1140.0,1702.88,95.0,113.86,Late,500.0
SHP-2024-0418,RT-06,2024-05-27,2024-05-27,WH-01,3720.0,4613.25,310.0,332.3,On-Time,0.0
SHP-2024-0419,RT-04,2024-09-22,2024-09-22,WH-03,960.0,1126.81,80.0,87.61,On-Time,0.0
SHP-2024-0420,RT-05,2024-03-05,2024-03-05,WH-04,1140.0,1444.79,95.0,106.17,On-Time,0.0
SHP-2024-0421,RT-02,2024-09-04,2024-09-04,WH-01,2940.0,3122.48,245.0,252.2,On-Time,0.0
SHP-2024-0422,RT-03,2024-01-07,2024-01-07,WH-02,480.0,502.57,40.0,40.51,On-Time,0.0
SHP-2024-0423,RT-06,2024-10-14,2024-10-14,WH-01,3720.0,4567.9,310.0,323.96,On-Time,0.0
SHP-2024-0424,RT-06,2024-05-06,2024-05-06,WH-01,3720.0,4783.13,310.0,336.82,On-Time,0.0
SHP-2024-0425,RT-05,2024-02-10,2024-02-10,WH-04,1140.0,1490.1,95.0,107.95,Late,500.0
SHP-2024-0426,RT-06,2024-02-16,2024-02-16,WH-01,3720.0,4038.42,310.0,319.94,Late,500.0
SHP-2024-0427,RT-05,2024-11-13,2024-11-13,WH-04,1140.0,1569.25,95.0,113.15,On-Time,0.0
SHP-2024-0428,RT-04,2024-06-12,2024-06-12,WH-03,960.0,1195.22,80.0,91.46,On-Time,0.0
SHP-2024-0429,RT-06,2024-07-27,2024-07-27,WH-01,3720.0,4123.41,310.0,339.28,On-Time,0.0
SHP-2024-0430,RT-03,2024-02-06,2024-02-06,WH-02,480.0,512.28,40.0,41.33,On-Time,0.0
SHP-2024-0431,RT-01,2024-08-17,2024-08-17,WH-01,300.0,303.29,25.0,25.53,On-Time,0.0
SHP-2024-0432,RT-03,2024-05-29,2024-05-29,WH-02,480.0,542.39,40.0,41.57,On-Time,0.0
SHP-2024-0433,RT-04,2024-11-06,2024-11-06,WH-03,960.0,1173.87,80.0,89.7,On-Time,0.0
SHP-2024-0434,RT-03,2024-12-13,2024-12-13,WH-02,480.0,582.67,40.0,41.33,On-Time,0.0
SHP-2024-0435,RT-06,2024-05-19,2024-05-19,WH-01,3720.0,4521.91,310.0,324.72,On-Time,0.0
SHP-2024-0436,RT-06,2024-11-06,2024-11-06,WH-01,3720.0,4748.25,310.0,323.99,On-Time,0.0
SHP-2024-0437,RT-06,2024-04-06,2024-04-06,WH-01,3720.0,4487.16,310.0,326.21,On-Time,0.0
SHP-2024-0438,RT-03,2024-03-27,2024-03-27,WH-02,480.0,516.8699999999999,40.0,41.68,On-Time,0.0
SHP-2024-0439,RT-02,2024-03-27,2024-03-27,WH-01,2940.0,3121.21,245.0,247.2,On-Time,0.0
SHP-2024-0440,RT-04,2024-05-13,2024-05-13,WH-03,960.0,1212.33,80.0,90.32,On-Time,0.0
SHP-2024-0441,RT-05,2024-05-01,2024-05-01,WH-04,1140.0,1486.13,95.0,109.55,On-Time,0.0
SHP-2024-0442,RT-06,2024-02-16,2024-02-16,WH-01,3720.0,3993.12,310.0,327.79,On-Time,0.0
SHP-2024-0443,RT-02,2024-10-15,2024-10-15,WH-01,2940.0,3464.42,245.0,251.21,On-Time,0.0
SHP-2024-0444,RT-03,2024-05-20,2024-05-20,WH-02,480.0,560.21,40.0,41.74,On-Time,0.0
SHP-2024-0445,RT-02,2024-10-21,2024-10-21,WH-01,2940.0,3341.29,245.0,246.75,On-Time,0.0
SHP-2024-0446,RT-04,2024-04-12,2024-04-12,WH-03,960.0,1215.77,80.0,87.35,Late,500.0
SHP-2024-0447,RT-02,2024-10-08,2024-10-08,WH-01,2940.0,3260.71,245.0,248.1,On-Time,0.0
SHP-2024-0448,RT-04,2024-12-29,2024-12-29,WH-03,960.0,1244.06,80.0,86.67,Late,500.0
SHP-2024-0449,RT-06,2024-05-18,2024-05-18,WH-01,3720.0,4578.24,310.0,320.94,On-Time,0.0
SHP-2024-0450,RT-05,2024-10-18,2024-10-18,WH-04,1140.0,1677.82,95.0,116.58,On-Time,0.0
SHP-2024-0451,RT-01,2024-08-08,2024-08-08,WH-01,300.0,300.74,25.0,25.7,On-Time,0.0
SHP-2024-0452,RT-01,2024-02-29,2024-02-29,WH-01,300.0,307.79,25.0,25.9,On-Time,0.0
SHP-2024-0453,RT-01,2024-02-18,2024-02-18,WH-01,300.0,313.77,25.0,25.47,On-Time,0.0
SHP-2024-0454,RT-03,2024-11-09,2024-11-09,WH-02,480.0,577.87,40.0,41.56,On-Time,0.0
SHP-2024-0455,RT-04,2024-02-13,2024-02-13,WH-03,960.0,1088.25,80.0,89.94,On-Time,500.0
SHP-2024-0456,RT-03,2024-08-02,2024-08-02,WH-02,480.0,502.08,40.0,41.21,On-Time,0.0
SHP-2024-0457,RT-04,2024-11-27,2024-11-27,WH-03,960.0,1217.35,80.0,87.79,Late,500.0
SHP-2024-0458,RT-02,2024-04-03,2024-04-03,WH-01,2940.0,3516.06,245.0,255.64,On-Time,0.0
SHP-2024-0459,RT-01,2024-10-05,2024-10-05,WH-01,300.0,334.71,25.0,25.82,On-Time,0.0
SHP-2024-0460,RT-04,2024-06-21,2024-06-21,WH-03,960.0,1197.24,80.0,90.61,On-Time,0.0
SHP-2024-0461,RT-05,2024-07-25,2024-07-25,WH-04,1140.0,1498.11,95.0,115.59,Late,500.0
SHP-2024-0462,RT-03,2024-09-13,2024-09-13,WH-02,480.0,497.2,40.0,40.93,On-Time,0.0
SHP-2024-0463,RT-01,2024-06-24,2024-06-24,WH-01,300.0,356.29,25.0,25.4,On-Time,0.0
SHP-2024-0464,RT-01,2024-09-20,2024-09-20,WH-01,300.0,306.11,25.0,25.31,Failed,1000.0
SHP-2024-0465,RT-02,2024-10-13,2024-10-13,WH-01,2940.0,3275.41,245.0,254.82,On-Time,0.0
SHP-2024-0466,RT-04,2024-07-05,2024-07-05,WH-03,960.0,1106.38,80.0,90.79,Late,500.0
SHP-2024-0467,RT-01,2024-04-23,2024-04-23,WH-01,300.0,319.5,25.0,25.88,On-Time,0.0
SHP-2024-0468,RT-06,2024-05-04,2024-05-04,WH-01,3720.0,4736.58,310.0,332.04,On-Time,0.0
SHP-2024-0469,RT-04,2024-06-01,2024-06-01,WH-03,960.0,1281.14,80.0,85.83,On-Time,0.0
SHP-2024-0470,RT-02,2024-02-20,2024-02-20,WH-01,2940.0,3085.97,245.0,250.43,On-Time,0.0
SHP-2024-0471,RT-03,2024-07-21,2024-07-21,WH-02,480.0,513.59,40.0,41.9,On-Time,0.0
SHP-2024-0472,RT-05,2024-10-03,2024-10-03,WH-04,1140.0,1534.9,95.0,113.5,On-Time,0.0
SHP-2024-0473,RT-04,2024-03-04,2024-03-04,WH-03,960.0,1216.37,80.0,90.48,Late,500.0
SHP-2024-0474,RT-05,2024-05-21,2024-05-21,WH-04,1140.0,1216.37,95.0,105.36,Late,500.0
SHP-2024-0475,RT-03,2024-06-04,2024-06-04,WH-02,480.0,533.93,40.0,40.98,On-Time,0.0
SHP-2024-0476,RT-01,2024-03-15,2024-03-15,WH-01,300.0,301.45,25.0,25.74,Late,500.0
SHP-2024-0477,RT-03,2024-12-05,2024-12-05,WH-02,480.0,574.72,40.0,41.76,On-Time,0.0
SHP-2024-0478,RT-02,2024-08-02,2024-08-02,WH-01,2940.0,3260.71,245.0,248.51,On-Time,0.0
SHP-2024-0479,RT-06,2024-08-10,2024-08-10,WH-01,3720.0,4078.98,310.0,340.42,On-Time,0.0
SHP-2024-0480,RT-02,2024-04-28,2024-04-28,WH-01,2940.0,3550.7,245.0,251.21,On-Time,0.0
SHP-2024-0481,RT-05,2024-12-29,2024-12-29,WH-04,1140.0,1529.68,95.0,106.9,On-Time,0.0
SHP-2024-0482,RT-02,2024-05-05,2024-05-05,WH-01,2940.0,3260.71,245.0,247.03,On-Time,0.0
SHP-2024-0483,RT-06,2024-01-28,2024-01-28,WH-01,3720.0,4156.73,310.0,327.01,Late,500.0
SHP-2024-0484,RT-01,2024-06-14,2024-06-14,WH-01,300.0,314.57,25.0,26.08,On-Time,0.0
SHP-2024-0485,RT-06,2024-07-10,2024-07-10,WH-01,3720.0,4094.05,310.0,329.07,Late,500.0
SHP-2024-0486,RT-06,2024-05-24,2024-05-24,WH-01,3720.0,4654.8,310.0,328.89,On-Time,0.0
SHP-2024-0487,RT-03,2024-03-29,2024-03-29,WH-02,480.0,508.82,40.0,41.15,On-Time,0.0
SHP-2024-0488,RT-03,2024-05-27,2024-05-27,WH-02,480.0,553.66,40.0,40.03,On-Time,0.0
SHP-2024-0489,RT-01,2024-11-22,2024-11-22,WH-01,300.0,330.16,25.0,25.15,On-Time,-0.0
SHP-2024-0490,RT-05,2024-12-30,2024-12-30,WH-04,1140.0,1547.28,95.0,118.06,On-Time,0.0
SHP-2024-0491,RT-01,2024-10-07,2024-10-07,WH-01,300.0,318.81,25.0,25.93,On-Time,0.0
SHP-2024-0492,RT-02,2024-09-02,2024-09-02,WH-01,2940.0,3049.2,245.0,255.11,On-Time,0.0
SHP-2024-0493,RT-05,2024-04-08,2024-04-08,WH-04,1140.0,1648.24,95.0,117.88,On-Time,0.0
SHP-2024-0494,RT-04,2024-10-13,2024-10-13,WH-03,960.0,1227.97,80.0,85.75,Late,500.0
SHP-2024-0495,RT-01,2024-10-02,2024-10-02,WH-01,300.0,321.74,25.0,25.47,On-Time,0.0
SHP-2024-0496,RT-06,2024-08-06,2024-08-06,WH-01,3720.0,4014.42,310.0,320.17,On-Time,0.0
SHP-2024-0497,RT-06,2024-06-04,2024-06-04,WH-01,3720.0,4354.77,310.0,335.8,On-Time,0.0
SHP-2024-0498,RT-03,2024-08-25,2024-08-25,WH-02,480.0,494.52,40.0,41.66,Late,500.0
SHP-2024-0499,RT-06,2024-05-22,2024-05-22,WH-01,3720.0,4505.76,310.0,339.06,Late,500.0
SHP-2024-0500,RT-03,2024-01-01,2024-01-01,WH-02,480.0,511.31,40.0,41.59,On-Time,0.0
SHP-2024-0501,RT-03,2024-03-12,2024-03-12,WH-02,480.0,509.63,40.0,41.84,On-Time,0.0
SHP-2024-0502,RT-06,2024-12-16,2024-12-16,WH-01,3720.0,4464.41,310.0,336.07,On-Time,0.0
SHP-2024-0503,RT-04,2024-07-10,2024-07-10,WH-03,960.0,1081.92,80.0,87.45,Failed,1000.0
SHP-2024-0504,RT-02,2024-04-24,2024-04-24,WH-01,2940.0,3347.94,245.0,248.6,On-Time,0.0
SHP-2024-0505,RT-01,2024-02-07,2024-02-07,WH-01,300.0,312.58,25.0,26.18,On-Time,0.0
SHP-2024-0506,RT-04,2024-11-03,2024-11-03,WH-03,960.0,1211.49,80.0,89.42,On-Time,0.0
SHP-2024-0507,RT-01,2024-12-25,2024-12-25,WH-01,300.0,330.21,25.0,25.39,On-Time,0.0
SHP-2024-0508,RT-06,2024-05-16,2024-05-16,WH-01,3720.0,4492.5,310.0,324.51,On-Time,0.0
SHP-2024-0509,RT-04,2024-09-06,2024-09-06,WH-03,960.0,1079.82,80.0,88.46,On-Time,0.0
SHP-2024-0510,RT-01,2024-01-05,2024-01-05,WH-01,300.0,313.77,25.0,25.14,On-Time,0.0
SHP-2024-0511,RT-06,2024-10-08,2024-10-08,WH-01,3720.0,4220.9,310.0,334.86,On-Time,0.0
SHP-2024-0512,RT-03,2024-06-06,2024-06-06,WH-02,480.0,576.1,40.0,41.88,On-Time,0.0
SHP-2024-0513,RT-03,2024-05-22,2024-05-22,WH-02,480.0,554.45,40.0,41.9,On-Time,0.0
SHP-2024-0514,RT-03,2024-12-28,2024-12-28,WH-02,480.0,569.88,40.0,40.69,On-Time,0.0
SHP-2024-0515,RT-01,2024-02-09,2024-02-09,WH-01,300.0,300.86,25.0,25.5,Late,500.0
SHP-2024-0516,RT-06,2024-08-24,2024-08-24,WH-01,3720.0,4040.49,310.0,320.94,Late,500.0
SHP-2024-0517,RT-02,2024-08-27,2024-08-27,WH-01,2940.0,3122.23,245.0,254.6,On-Time,0.0
SHP-2024-0518,RT-01,2024-07-23,2024-07-23,WH-01,300.0,300.22,25.0,25.71,On-Time,0.0
SHP-2024-0519,RT-03,2024-04-12,2024-04-12,WH-02,480.0,544.57,40.0,41.94,Late,500.0
SHP-2024-0520,RT-02,2024-10-04,2024-10-04,WH-01,2940.0,3341.02,245.0,247.77,On-Time,0.0
SHP-2024-0521,RT-05,2024-01-22,2024-01-22,WH-04,1140.0,1427.99,95.0,111.3,On-Time,500.0
SHP-2024-0522,RT-03,2024-05-24,2024-05-24,WH-02,480.0,570.55,40.0,41.67,On-Time,0.0
SHP-2024-0523,RT-04,2024-10-09,2024-10-09,WH-03,960.0,1173.59,80.0,90.25,Late,500.0
SHP-2024-0524,RT-06,2024-01-26,2024-01-26,WH-01,3720.0,4220.9,310.0,329.07,On-Time,0.0
SHP-2024-0525,RT-04,2024-01-14,2024-01-14,WH-03,960.0,1092.4,80.0,90.76,Late,500.0
SHP-2024-0526,RT-02,2024-04-09,2024-04-09,WH-01,2940.0,3337.69,245.0,253.35,On-Time,0.0
SHP-2024-0527,RT-06,2024-03-05,2024-03-05,WH-01,3720.0,1216.37,310.0,328.94,On-Time,0.0
SHP-2024-0528,RT-02,2024-11-19,2024-11-19,WH-01,2940.0,3426.67,245.0,251.82,On-Time,0.0
SHP-2024-0529,RT-03,2024-10-13,2024-10-13,WH-02,480.0,572.0,40.0,40.19,On-Time,0.0
SHP-2024-0530,RT-01,2024-12-29,2024-12-29,WH-01,300.0,342.06,25.0,26.15,On-Time,0.0
SHP-2024-0531,RT-04,2024-08-08,2024-08-08,WH-03,960.0,1109.29,80.0,87.19,On-Time,0.0
SHP-2024-0532,RT-04,2024-01-04,2024-01-04,WH-03,960.0,1113.64,80.0,90.15,On-Time,0.0
SHP-2024-0533,RT-04,2024-01-06,2024-01-06,WH-03,960.0,1078.22,80.0,88.46,Late,500.0
SHP-2024-0534,RT-04,2024-12-02,2024-12-02,WH-03,960.0,1230.79,80.0,89.83,On-Time,0.0
SHP-2024-0535,RT-05,2024-09-03,2024-09-03,WH-04,1140.0,1537.35,95.0,108.29,Late,500.0
SHP-2024-0536,RT-05,2024-01-18,2024-01-18,WH-04,1140.0,1528.49,95.0,106.22,Late,500.0
SHP-2024-0537,RT-02,2024-09-12,2024-09-12,WH-01,2940.0,3135.74,245.0,256.23,On-Time,0.0
SHP-2024-0538,RT-03,2024-11-09,2024-11-09,WH-02,480.0,541.11,40.0,40.68,On-Time,0.0
SHP-2024-0539,RT-05,2024-03-25,2024-03-25,WH-04,1140.0,1534.67,95.0,116.4,Late,500.0
SHP-2024-0540,RT-03,2024-02-23,2024-02-23,WH-02,480.0,501.7,40.0,40.43,Late,500.0
SHP-2024-0541,RT-01,2024-09-18,2024-09-18,WH-01,300.0,300.59,25.0,25.98,On-Time,0.0
SHP-2024-0542,RT-03,2024-09-02,2024-09-02,WH-02,480.0,497.53,40.0,41.09,On-Time,0.0
SHP-2024-0543,RT-03,2024-02-12,2024-02-12,WH-02,480.0,496.06,40.0,41.61,On-Time,0.0
SHP-2024-0544,RT-03,2024-06-23,2024-06-23,WH-02,480.0,527.0,40.0,41.74,On-Time,0.0
SHP-2024-0545,RT-02,2024-10-11,2024-10-11,WH-01,2940.0,3384.43,245.0,249.1,On-Time,0.0
SHP-2024-0546,RT-06,2024-11-06,2024-11-06,WH-01,3720.0,4265.83,310.0,322.64,On-Time,0.0
SHP-2024-0547,RT-04,2024-01-30,2024-01-30,WH-03,960.0,1128.74,80.0,87.14,Late,500.0
SHP-2024-0548,RT-01,2024-11-24,2024-11-24,WH-01,300.0,325.05,25.0,25.29,On-Time,0.0
SHP-2024-0549,RT-05,2024-01-05,2024-01-05,WH-04,1140.0,1494.19,95.0,106.73,Late,500.0
SHP-2024-0550,RT-03,2024-10-24,2024-10-24,WH-02,480.0,535.25,40.0,40.89,On-Time,0.0
SHP-2024-0551,RT-02,2024-12-04,2024-12-04,WH-01,2940.0,3427.14,245.0,257.07,On-Time,0.0
SHP-2024-0552,RT-03,2024-05-23,2024-05-23,WH-02,480.0,535.86,40.0,41.29,On-Time,0.0
SHP-2024-0553,RT-01,2024-11-01,2024-11-01,WH-01,300.0,334.04,25.0,25.32,On-Time,0.0
SHP-2024-0554,RT-01,2024-04-15,2024-04-15,WH-01,300.0,314.7,25.0,26.08,On-Time,0.0
SHP-2024-0555,RT-04,2024-07-13,2024-07-13,WH-03,960.0,1120.84,80.0,89.41,On-Time,0.0
SHP-2024-0556,RT-01,2024-06-14,2024-06-14,WH-01,300.0,322.77,25.0,25.18,On-Time,0.0
SHP-2024-0557,RT-03,2024-02-11,2024-02-11,WH-02,480.0,508.33,40.0,40.5,On-Time,0.0
SHP-2024-0558,RT-05,2024-02-10,2024-02-10,WH-04,1140.0,1399.37,95.0,118.71,On-Time,0.0
SHP-2024-0559,RT-03,2024-01-10,2024-01-10,WH-02,480.0,497.05,40.0,40.16,On-Time,500.0
SHP-2024-0560,RT-06,2024-06-12,2024-06-12,WH-01,3720.0,4483.49,310.0,323.09,On-Time,0.0
SHP-2024-0561,RT-02,2024-10-06,2024-10-06,WH-01,2940.0,3509.95,245.0,249.44,On-Time,0.0
SHP-2024-0562,RT-01,2024-02-05,2024-02-05,WH-01,300.0,309.26,25.0,26.24,On-Time,0.0
SHP-2024-0563,RT-03,2024-06-12,2024-06-12,WH-02,480.0,544.5,40.0,41.23,On-Time,0.0
SHP-2024-0564,RT-06,2024-08-30,2024-08-30,WH-01,3720.0,3912.04,310.0,332.18,On-Time,0.0
SHP-2024-0565,RT-04,2024-07-17,2024-07-17,WH-03,960.0,1148.79,80.0,85.01,On-Time,0.0
SHP-2024-0566,RT-05,2024-10-09,2024-10-09,WH-04,1140.0,1216.37,95.0,110.23,Late,500.0
SHP-2024-0567,RT-02,2024-03-23,2024-03-23,WH-01,2940.0,3015.05,245.0,251.21,On-Time,0.0
SHP-2024-0568,RT-02,2024-07-19,2024-07-19,WH-01,2940.0,3142.08,245.0,251.78,On-Time,0.0
SHP-2024-0569,RT-06,2024-03-12,2024-03-12,WH-01,3720.0,4023.15,310.0,321.36,Late,500.0
SHP-2024-0570,RT-04,2024-01-16,2024-01-16,WH-03,960.0,1119.95,80.0,91.96,On-Time,0.0
SHP-2024-0571,RT-06,2024-07-12,2024-07-12,WH-01,3720.0,4220.9,310.0,333.89,On-Time,0.0
SHP-2024-0572,RT-02,2024-12-29,2024-12-29,WH-01,2940.0,3513.77,245.0,253.49,On-Time,0.0
SHP-2024-0573,RT-04,2024-06-19,2024-06-19,WH-03,960.0,1161.68,80.0,85.49,On-Time,0.0
SHP-2024-0574,RT-04,2024-07-18,2024-07-18,WH-03,960.0,1083.5,80.0,91.71,On-Time,0.0
SHP-2024-0575,RT-06,2024-07-29,2024-07-29,WH-01,3720.0,4268.88,310.0,337.36,On-Time,0.0
SHP-2024-0576,RT-05,2024-01-11,2024-01-11,WH-04,1140.0,1453.18,95.0,105.09,On-Time,0.0
SHP-2024-0577,RT-03,2024-08-07,2024-08-07,WH-02,480.0,512.93,40.0,41.8,On-Time,0.0
SHP-2024-0578,RT-04,2024-06-02,2024-06-02,WH-03,960.0,1259.83,80.0,90.16,On-Time,0.0
SHP-2024-0579,RT-02,2024-04-27,2024-04-27,WH-01,2940.0,3526.83,245.0,248.71,On-Time,0.0
SHP-2024-0580,RT-04,2024-08-02,2024-08-02,WH-03,960.0,1099.62,80.0,90.32,On-Time,0.0
SHP-2024-0581,RT-03,2024-12-18,2024-12-18,WH-02,480.0,551.5,40.0,41.01,On-Time,0.0
SHP-2024-0582,RT-02,2024-04-19,2024-04-19,WH-01,2940.0,3344.55,245.0,255.82,On-Time,0.0
SHP-2024-0583,RT-01,2024-03-27,2024-03-27,WH-01,300.0,309.34,25.0,25.52,On-Time,0.0
SHP-2024-0584,RT-03,2024-11-01,2024-11-01,WH-02,480.0,530.64,40.0,40.8,On-Time,0.0
SHP-2024-0585,RT-05,2024-08-05,2024-08-05,WH-04,1140.0,1375.18,95.0,107.56,Late,500.0
SHP-2024-0586,RT-06,2024-10-18,2024-10-18,WH-01,3720.0,4354.95,310.0,331.02,On-Time,0.0
SHP-2024-0587,RT-03,2024-12-20,2024-12-20,WH-02,480.0,557.07,40.0,40.3,Failed,1000.0
SHP-2024-0588,RT-05,2024-05-11,2024-05-11,WH-04,1140.0,1605.49,95.0,107.36,On-Time,0.0
SHP-2024-0589,RT-06,2024-09-09,2024-09-09,WH-01,3720.0,4231.55,310.0,322.0,On-Time,0.0
SHP-2024-0590,RT-03,2024-04-10,2024-04-10,WH-02,480.0,544.73,40.0,40.85,On-Time,0.0
SHP-2024-0591,RT-01,2024-06-03,2024-06-03,WH-01,300.0,328.37,25.0,25.43,On-Time,0.0
SHP-2024-0592,RT-01,2024-06-20,2024-06-20,WH-01,300.0,349.59,25.0,25.07,On-Time,0.0
SHP-2024-0593,RT-06,2024-01-11,2024-01-11,WH-01,3720.0,4124.74,310.0,337.23,On-Time,0.0
SHP-2024-0594,RT-01,2024-01-25,2024-01-25,WH-01,300.0,294.31,25.0,25.69,On-Time,0.0
SHP-2024-0595,RT-02,2024-09-21,2024-09-21,WH-01,2940.0,3143.38,245.0,251.21,On-Time,0.0
SHP-2024-0596,RT-04,2024-09-07,2024-09-07,WH-03,960.0,1081.35,80.0,89.33,On-Time,0.0
SHP-2024-0597,RT-04,2024-02-04,2024-02-04,WH-03,960.0,1105.75,80.0,84.41,On-Time,0.0
SHP-2024-0598,RT-01,2024-12-05,2024-12-05,WH-01,300.0,309.62,25.0,25.59,On-Time,0.0
SHP-2024-0599,RT-06,2024-11-29,2024-11-29,WH-01,3720.0,4158.77,310.0,340.13,Late,500.0
SHP-2024-0600,RT-03,2024-07-26,2024-07-26,WH-02,480.0,498.14,40.0,41.68,On-Time,500.0
SHP-2024-0601,RT-06,2024-11-29,2024-11-29,WH-01,3720.0,4640.88,310.0,324.63,On-Time,0.0
SHP-2024-0602,RT-06,2024-02-12,2024-02-12,WH-01,3720.0,3934.55,310.0,331.34,Late,500.0
SHP-2024-0603,RT-06,2024-04-20,2024-04-20,WH-01,3720.0,4596.83,310.0,328.28,Late,500.0
SHP-2024-0604,RT-06,2024-01-06,2024-01-06,WH-01,3720.0,4023.32,310.0,335.11,On-Time,0.0
SHP-2024-0605,RT-04,2024-12-03,2024-12-03,WH-03,960.0,1226.14,80.0,89.42,On-Time,0.0
SHP-2024-0606,RT-06,2024-07-21,2024-07-21,WH-01,3720.0,4026.87,310.0,337.61,On-Time,0.0
SHP-2024-0607,RT-02,2024-02-20,2024-02-20,WH-01,2940.0,3106.81,245.0,254.06,Late,500.0
SHP-2024-0608,RT-01,2024-12-13,2024-12-13,WH-01,300.0,332.65,25.0,25.91,On-Time,1000.0
SHP-2024-0609,RT-03,2024-04-07,2024-04-07,WH-02,480.0,561.96,40.0,41.3,On-Time,0.0
SHP-2024-0610,RT-01,2024-06-21,2024-06-21,WH-01,300.0,340.42,25.0,25.17,On-Time,-0.0
SHP-2024-0611,RT-03,2024-05-30,2024-05-30,WH-02,480.0,571.97,40.0,40.61,On-Time,0.0
SHP-2024-0612,RT-04,2024-08-12,2024-08-12,WH-03,960.0,1090.47,80.0,89.25,On-Time,0.0
SHP-2024-0613,RT-05,2024-06-16,2024-06-16,WH-04,1140.0,1527.25,95.0,108.13,On-Time,0.0
SHP-2024-0614,RT-02,2024-10-13,2024-10-13,WH-01,2940.0,3284.1,245.0,247.4,On-Time,0.0
SHP-2024-0615,RT-03,2024-01-28,2024-01-28,WH-02,480.0,497.9,40.0,41.03,Late,500.0
SHP-2024-0616,RT-05,2024-03-15,2024-03-15,WH-04,1140.0,1528.99,95.0,112.83,Late,500.0
SHP-2024-0617,RT-05,2024-08-28,2024-08-28,WH-04,1140.0,1389.44,95.0,109.65,Late,500.0
SHP-2024-0618,RT-02,2024-05-05,2024-05-05,WH-01,2940.0,3502.1,245.0,252.07,On-Time,0.0
SHP-2024-0619,RT-06,2024-11-24,2024-11-24,WH-01,3720.0,4278.71,310.0,331.72,Failed,1000.0
SHP-2024-0620,RT-05,2024-05-13,2024-05-13,WH-04,1140.0,1563.21,95.0,112.9,Late,500.0
SHP-2024-0621,RT-03,2024-09-30,2024-09-30,WH-02,480.0,501.13,40.0,40.57,On-Time,0.0
SHP-2024-0622,RT-03,2024-07-27,2024-07-27,WH-02,480.0,494.03,40.0,40.04,On-Time,-0.0
SHP-2024-0623,RT-06,2024-09-14,2024-09-14,WH-01,3720.0,3913.05,310.0,337.01,On-Time,0.0
SHP-2024-0624,RT-06,2024-07-09,2024-07-09,WH-01,3720.0,4239.83,310.0,324.31,On-Time,0.0
SHP-2024-0625,RT-06,2024-06-12,2024-06-12,WH-01,3720.0,4464.29,310.0,330.15,On-Time,0.0
SHP-2024-0626,RT-06,2024-10-22,2024-10-22,WH-01,3720.0,4285.96,310.0,336.74,On-Time,0.0
SHP-2024-0627,RT-06,2024-08-23,2024-08-23,WH-01,3720.0,3973.87,310.0,320.48,On-Time,0.0
SHP-2024-0628,RT-01,2024-07-13,2024-07-13,WH-01,300.0,302.98,25.0,25.39,On-Time,0.0
SHP-2024-0629,RT-01,2024-11-13,2024-11-13,WH-01,300.0,340.34,25.0,25.98,On-Time,0.0
SHP-2024-0630,RT-05,2024-01-07,2024-01-07,WH-04,1140.0,1502.74,95.0,104.86,On-Time,0.0
SHP-2024-0631,RT-01,2024-03-20,2024-03-20,WH-01,300.0,312.39,25.0,26.01,On-Time,0.0
SHP-2024-0632,RT-01,2024-01-06,2024-01-06,WH-01,300.0,313.85,25.0,25.86,On-Time,0.0
SHP-2024-0633,RT-05,2024-04-24,2024-04-24,WH-04,1140.0,1472.26,95.0,108.86,Late,500.0
SHP-2024-0634,RT-06,2024-07-02,2024-07-02,WH-01,3720.0,4220.9,310.0,324.41,On-Time,0.0
SHP-2024-0635,RT-02,2024-06-05,2024-06-05,WH-01,2940.0,3352.95,245.0,254.09,On-Time,0.0
SHP-2024-0636,RT-02,2024-01-01,2024-01-01,WH-01,2940.0,3260.71,245.0,250.82,On-Time,0.0
SHP-2024-0637,RT-04,2024-06-26,2024-06-26,WH-03,960.0,1210.03,80.0,87.21,On-Time,0.0
SHP-2024-0638,RT-01,2024-04-08,2024-04-08,WH-01,300.0,344.97,25.0,26.05,On-Time,0.0
SHP-2024-0639,RT-06,2024-02-19,2024-02-19,WH-01,3720.0,4220.9,310.0,325.95,Late,500.0
SHP-2024-0640,RT-01,2024-03-19,2024-03-19,WH-01,300.0,313.78,25.0,25.31,On-Time,0.0
SHP-2024-0641,RT-02,2024-02-03,2024-02-03,WH-01,2940.0,3061.81,245.0,249.52,On-Time,0.0
SHP-2024-0642,RT-04,2024-07-10,2024-07-10,WH-03,960.0,1148.79,80.0,88.06,On-Time,0.0
SHP-2024-0643,RT-03,2024-03-29,2024-03-29,WH-02,480.0,501.56,40.0,41.19,On-Time,0.0
SHP-2024-0644,RT-04,2024-05-07,2024-05-07,WH-03,960.0,1194.4,80.0,87.35,On-Time,0.0
SHP-2024-0645,RT-03,2024-11-20,2024-11-20,WH-02,480.0,532.56,40.0,40.52,On-Time,0.0
SHP-2024-0646,RT-03,2024-09-21,2024-09-21,WH-02,480.0,504.37,40.0,41.11,On-Time,0.0
SHP-2024-0647,RT-01,2024-04-06,2024-04-06,WH-01,300.0,342.67,25.0,25.91,On-Time,0.0
SHP-2024-0648,RT-06,2024-02-28,2024-02-28,WH-01,3720.0,4173.36,310.0,332.78,Late,500.0
SHP-2024-0649,RT-01,2024-10-16,2024-10-16,WH-01,300.0,314.05,25.0,25.07,On-Time,0.0
SHP-2024-0650,RT-06,2024-10-21,2024-10-21,WH-01,3720.0,4771.27,310.0,336.99,On-Time,0.0
SHP-2024-0651,RT-01,2024-11-18,2024-11-18,WH-01,300.0,332.69,25.0,26.01,On-Time,0.0
SHP-2024-0652,RT-03,2024-02-21,2024-02-21,WH-02,480.0,516.8699999999999,40.0,41.73,On-Time,0.0
SHP-2024-0653,RT-04,2024-07-02,2024-07-02,WH-03,960.0,1101.11,80.0,90.55,On-Time,-0.0
SHP-2024-0654,RT-04,2024-01-24,2024-01-24,WH-03,960.0,1089.4,80.0,88.3,On-Time,0.0
SHP-2024-0655,RT-06,2024-01-22,2024-01-22,WH-01,3720.0,4206.53,310.0,340.51,On-Time,0.0
SHP-2024-0656,RT-04,2024-04-21,2024-04-21,WH-03,960.0,1245.33,80.0,89.67,On-Time,0.0
SHP-2024-0657,RT-02,2024-02-26,2024-02-26,WH-01,2940.0,3159.22,245.0,245.86,On-Time,0.0
SHP-2024-0658,RT-03,2024-11-16,2024-11-16,WH-02,480.0,564.24,40.0,41.91,On-Time,0.0
SHP-2024-0659,RT-03,2024-03-14,2024-03-14,WH-02,480.0,490.01,40.0,41.0,On-Time,0.0
SHP-2024-0660,RT-01,2024-10-28,2024-10-28,WH-01,300.0,339.14,25.0,26.19,On-Time,0.0
SHP-2024-0661,RT-04,2024-05-19,2024-05-19,WH-03,960.0,1261.66,80.0,90.37,Late,500.0
SHP-2024-0662,RT-01,2024-02-14,2024-02-14,WH-01,300.0,313.97,25.0,25.23,On-Time,0.0
SHP-2024-0663,RT-06,2024-02-05,2024-02-05,WH-01,3720.0,4220.9,310.0,323.19,On-Time,0.0
SHP-2024-0664,RT-04,2024-12-01,2024-12-01,WH-03,960.0,1245.36,80.0,91.85,On-Time,0.0
SHP-2024-0665,RT-04,2024-06-17,2024-06-17,WH-03,960.0,1272.04,80.0,91.34,On-Time,0.0
SHP-2024-0666,RT-04,2024-08-11,2024-08-11,WH-03,960.0,1122.75,80.0,91.41,On-Time,0.0
SHP-2024-0667,RT-05,2024-07-27,2024-07-27,WH-04,1140.0,1533.48,95.0,110.57,On-Time,0.0
SHP-2024-0668,RT-06,2024-01-15,2024-01-15,WH-01,3720.0,4171.11,310.0,335.78,On-Time,1000.0
SHP-2024-0669,RT-06,2024-10-18,2024-10-18,WH-01,3720.0,4343.59,310.0,330.53,On-Time,0.0
SHP-2024-0670,RT-04,2024-04-10,2024-04-10,WH-03,960.0,1157.85,80.0,86.88,On-Time,0.0
SHP-2024-0671,RT-02,2024-05-09,2024-05-09,WH-01,2940.0,3441.35,245.0,249.87,On-Time,0.0
SHP-2024-0672,RT-06,2024-07-21,2024-07-21,WH-01,3720.0,4071.08,310.0,324.51,On-Time,0.0
SHP-2024-0673,RT-04,2024-07-30,2024-07-30,WH-03,960.0,1100.38,80.0,91.33,On-Time,0.0
SHP-2024-0674,RT-04,2024-02-16,2024-02-16,WH-03,960.0,1079.01,80.0,91.05,Late,500.0
SHP-2024-0675,RT-01,2024-01-26,2024-01-26,WH-01,300.0,301.18,25.0,25.53,On-Time,0.0
SHP-2024-0676,RT-04,2024-10-24,2024-10-24,WH-03,960.0,1200.4,80.0,88.43,On-Time,0.0
SHP-2024-0677,RT-04,2024-12-20,2024-12-20,WH-03,960.0,1261.08,80.0,91.89,On-Time,0.0
SHP-2024-0678,RT-03,2024-02-18,2024-02-18,WH-02,480.0,491.4,40.0,40.04,On-Time,0.0
SHP-2024-0679,RT-06,2024-11-29,2024-11-29,WH-01,3720.0,4297.24,310.0,331.14,On-Time,0.0
SHP-2024-0680,RT-01,2024-03-08,2024-03-08,WH-01,300.0,314.1,25.0,25.89,On-Time,0.0
SHP-2024-0681,RT-05,2024-09-25,2024-09-25,WH-04,1140.0,1484.39,95.0,113.31,On-Time,0.0
SHP-2024-0682,RT-01,2024-03-27,2024-03-27,WH-01,300.0,307.93,25.0,25.3,On-Time,0.0
SHP-2024-0683,RT-01,2024-07-01,2024-07-01,WH-01,300.0,310.16,25.0,25.91,On-Time,0.0
SHP-2024-0684,RT-06,2024-05-13,2024-05-13,WH-01,3720.0,4213.95,310.0,330.09,On-Time,0.0
SHP-2024-0685,RT-01,2024-02-17,2024-02-17,WH-01,300.0,298.35,25.0,25.73,On-Time,0.0
SHP-2024-0686,RT-02,2024-07-10,2024-07-10,WH-01,2940.0,3129.31,245.0,255.14,On-Time,0.0
SHP-2024-0687,RT-05,2024-06-02,2024-06-02,WH-04,1140.0,1573.88,95.0,105.09,On-Time,0.0
SHP-2024-0688,RT-04,2024-01-14,2024-01-14,WH-03,960.0,1090.01,80.0,89.57,Late,500.0
SHP-2024-0689,RT-03,2024-05-24,2024-05-24,WH-02,480.0,516.8699999999999,40.0,41.58,Late,500.0
SHP-2024-0690,RT-03,2024-08-01,2024-08-01,WH-02,480.0,506.38,40.0,41.8,On-Time,0.0
SHP-2024-0691,RT-05,2024-05-04,2024-05-04,WH-04,1140.0,1637.17,95.0,114.0,On-Time,0.0
SHP-2024-0692,RT-05,2024-01-10,2024-01-10,WH-04,1140.0,1412.03,95.0,116.09,On-Time,0.0
SHP-2024-0693,RT-05,2024-08-29,2024-08-29,WH-04,1140.0,1463.45,95.0,108.44,Late,500.0
SHP-2024-0694,RT-06,2024-10-20,2024-10-20,WH-01,3720.0,4424.05,310.0,320.1,On-Time,0.0
SHP-2024-0695,RT-05,2024-02-20,2024-02-20,WH-04,1140.0,1534.29,95.0,105.72,On-Time,0.0
SHP-2024-0696,RT-06,2024-10-15,2024-10-15,WH-01,3720.0,4172.31,310.0,328.61,On-Time,0.0
SHP-2024-0697,RT-05,2024-06-28,2024-06-28,WH-04,1140.0,1527.25,95.0,109.89,On-Time,0.0
SHP-2024-0698,RT-03,2024-10-13,2024-10-13,WH-02,480.0,569.71,40.0,40.09,On-Time,0.0
SHP-2024-0699,RT-04,2024-09-02,2024-09-02,WH-03,960.0,1102.1,80.0,89.23,On-Time,0.0
SHP-2024-0700,RT-03,2024-06-25,2024-06-25,WH-02,480.0,588.19,40.0,41.93,On-Time,0.0
SHP-2024-0701,RT-06,2024-08-16,2024-08-16,WH-01,3720.0,3980.94,310.0,325.59,On-Time,0.0
SHP-2024-0702,RT-03,2024-01-18,2024-01-18,WH-02,480.0,507.18,40.0,41.83,On-Time,0.0
SHP-2024-0703,RT-04,2024-04-13,2024-04-13,WH-03,960.0,1181.57,80.0,88.47,Late,500.0
SHP-2024-0704,RT-03,2024-09-14,2024-09-14,WH-02,480.0,1216.37,40.0,40.02,On-Time,0.0
SHP-2024-0705,RT-02,2024-01-05,2024-01-05,WH-01,2940.0,3125.67,245.0,247.35,On-Time,0.0
SHP-2024-0706,RT-01,2024-05-06,2024-05-06,WH-01,300.0,326.59,25.0,25.84,On-Time,0.0
SHP-2024-0707,RT-03,2024-01-11,2024-01-11,WH-02,480.0,516.79,40.0,41.39,On-Time,0.0
SHP-2024-0708,RT-02,2024-05-30,2024-05-30,WH-01,2940.0,3513.63,245.0,256.66,On-Time,0.0
SHP-2024-0709,RT-03,2024-09-12,2024-09-12,WH-02,480.0,492.1,40.0,41.77,On-Time,0.0
SHP-2024-0710,RT-05,2024-12-31,2024-12-31,WH-04,1140.0,1527.25,95.0,107.16,On-Time,0.0
SHP-2024-0711,RT-04,2024-03-11,2024-03-11,WH-03,960.0,1133.98,80.0,88.46,On-Time,0.0
SHP-2024-0712,RT-04,2024-09-17,2024-09-17,WH-03,960.0,1093.81,80.0,87.19,On-Time,500.0
SHP-2024-0713,RT-01,2024-10-18,2024-10-18,WH-01,300.0,341.23,25.0,26.22,On-Time,0.0
SHP-2024-0714,RT-04,2024-03-03,2024-03-03,WH-03,960.0,1096.24,80.0,89.23,On-Time,0.0
SHP-2024-0715,RT-04,2024-07-25,2024-07-25,WH-03,960.0,1146.19,80.0,86.33,Late,500.0
SHP-2024-0716,RT-04,2024-08-05,2024-08-05,WH-03,960.0,1148.46,80.0,84.95,On-Time,0.0
SHP-2024-0717,RT-01,2024-02-18,2024-02-18,WH-01,300.0,310.71,25.0,25.69,Failed,1000.0
SHP-2024-0718,RT-02,2024-02-18,2024-02-18,WH-01,2940.0,3260.71,245.0,253.47,Late,500.0
SHP-2024-0719,RT-01,2024-06-25,2024-06-25,WH-01,300.0,345.96,25.0,25.9,On-Time,0.0
SHP-2024-0720,RT-01,2024-12-07,2024-12-07,WH-01,300.0,344.12,25.0,26.08,On-Time,0.0
SHP-2024-0721,RT-01,2024-12-08,2024-12-08,WH-01,300.0,334.37,25.0,25.2,On-Time,0.0
SHP-2024-0722,RT-04,2024-02-14,2024-02-14,WH-03,960.0,1085.11,80.0,85.54,Failed,1000.0
SHP-2024-0723,RT-02,2024-04-26,2024-04-26,WH-01,2940.0,3431.38,245.0,249.08,On-Time,0.0
SHP-2024-0724,RT-06,2024-01-10,2024-01-10,WH-01,3720.0,4271.94,310.0,334.7,Late,500.0
SHP-2024-0725,RT-05,2024-03-25,2024-03-25,WH-04,1140.0,1381.55,95.0,115.41,Late,500.0
SHP-2024-0726,RT-05,2024-10-22,2024-10-22,WH-04,1140.0,1548.82,95.0,110.6,Late,500.0
SHP-2024-0727,RT-04,2024-10-18,2024-10-18,WH-03,960.0,1216.37,80.0,87.82,On-Time,0.0
SHP-2024-0728,RT-04,2024-11-07,2024-11-07,WH-03,960.0,1192.09,80.0,91.45,On-Time,0.0
SHP-2024-0729,RT-01,2024-02-26,2024-02-26,WH-01,300.0,302.5,25.0,25.35,On-Time,0.0
SHP-2024-0730,RT-05,2024-02-09,2024-02-09,WH-04,1140.0,1443.17,95.0,106.7,On-Time,0.0
SHP-2024-0731,RT-03,2024-07-02,2024-07-02,WH-02,480.0,516.81,40.0,41.93,On-Time,0.0
SHP-2024-0732,RT-02,2024-11-17,2024-11-17,WH-01,2940.0,3452.46,245.0,256.49,On-Time,0.0
SHP-2024-0733,RT-02,2024-09-14,2024-09-14,WH-01,2940.0,3121.03,245.0,250.51,On-Time,0.0
SHP-2024-0734,RT-04,2024-03-21,2024-03-21,WH-03,960.0,1082.65,80.0,91.06,On-Time,500.0
SHP-2024-0735,RT-04,2024-07-14,2024-07-14,WH-03,960.0,1128.57,80.0,88.35,On-Time,0.0
SHP-2024-0736,RT-05,2024-10-12,2024-10-12,WH-04,1140.0,1520.73,95.0,115.5,Late,500.0
SHP-2024-0737,RT-02,2024-08-01,2024-08-01,WH-01,2940.0,3058.42,245.0,254.76,On-Time,0.0
SHP-2024-0738,RT-03,2024-02-16,2024-02-16,WH-02,480.0,494.94,40.0,40.29,On-Time,0.0
SHP-2024-0739,RT-01,2024-01-27,2024-01-27,WH-01,300.0,307.74,25.0,25.88,On-Time,0.0
SHP-2024-0740,RT-03,2024-09-10,2024-09-10,WH-02,480.0,500.8,40.0,41.32,On-Time,0.0
SHP-2024-0741,RT-04,2024-07-18,2024-07-18,WH-03,960.0,1148.79,80.0,91.73,Late,500.0
SHP-2024-0742,RT-05,2024-07-22,2024-07-22,WH-04,1140.0,1397.59,95.0,106.79,Late,500.0
SHP-2024-0743,RT-01,2024-03-28,2024-03-28,WH-01,300.0,309.69,25.0,25.17,Late,500.0
SHP-2024-0744,RT-01,2024-12-23,2024-12-23,WH-01,300.0,343.8,25.0,25.95,On-Time,0.0
SHP-2024-0745,RT-06,2024-10-23,2024-10-23,WH-01,3720.0,4375.12,310.0,334.84,On-Time,0.0
SHP-2024-0746,RT-03,2024-06-27,2024-06-27,WH-02,480.0,541.09,40.0,40.42,On-Time,0.0
SHP-2024-0747,RT-01,2024-03-14,2024-03-14,WH-01,300.0,295.45,25.0,25.15,On-Time,0.0
SHP-2024-0748,RT-06,2024-05-17,2024-05-17,WH-01,3720.0,4279.87,310.0,325.59,On-Time,0.0
SHP-2024-0749,RT-06,2024-10-03,2024-10-03,WH-01,3720.0,4890.27,310.0,327.78,On-Time,0.0
SHP-2024-0750,RT-03,2024-02-25,2024-02-25,WH-02,480.0,512.0,40.0,41.01,On-Time,0.0
SHP-2024-0751,RT-04,2024-08-19,2024-08-19,WH-03,960.0,1124.02,80.0,85.86,On-Time,0.0
SHP-2024-0752,RT-06,2024-01-22,2024-01-22,WH-01,3720.0,4207.93,310.0,325.9,On-Time,0.0
SHP-2024-0753,RT-03,2024-04-12,2024-04-12,WH-02,480.0,553.74,40.0,41.97,On-Time,0.0
SHP-2024-0754,RT-04,2024-05-07,2024-05-07,WH-03,960.0,1148.79,80.0,86.2,On-Time,0.0
SHP-2024-0755,RT-03,2024-07-18,2024-07-18,WH-02,480.0,502.54,40.0,40.05,On-Time,0.0
SHP-2024-0756,RT-04,2024-07-17,2024-07-17,WH-03,960.0,1110.15,80.0,86.38,Late,500.0
SHP-2024-0757,RT-01,2024-03-29,2024-03-29,WH-01,300.0,313.77,25.0,25.55,On-Time,0.0
SHP-2024-0758,RT-05,2024-08-26,2024-08-26,WH-04,1140.0,1508.86,95.0,108.09,Late,500.0
SHP-2024-0759,RT-04,2024-06-18,2024-06-18,WH-03,960.0,1234.91,80.0,87.46,Late,500.0
SHP-2024-0760,RT-01,2024-06-17,2024-06-17,WH-01,300.0,342.42,25.0,25.33,On-Time,0.0
SHP-2024-0761,RT-01,2024-05-07,2024-05-07,WH-01,300.0,313.77,25.0,25.56,On-Time,0.0
SHP-2024-0762,RT-06,2024-06-02,2024-06-02,WH-01,3720.0,4708.81,310.0,330.3,On-Time,0.0
SHP-2024-0763,RT-04,2024-03-04,2024-03-04,WH-03,960.0,1125.44,80.0,88.82,On-Time,0.0
SHP-2024-0764,RT-02,2024-08-10,2024-08-10,WH-01,2940.0,3002.62,245.0,249.26,On-Time,0.0
SHP-2024-0765,RT-06,2024-10-17,2024-10-17,WH-01,3720.0,4874.54,310.0,333.41,On-Time,0.0
SHP-2024-0766,RT-01,2024-03-09,2024-03-09,WH-01,300.0,303.74,25.0,26.07,On-Time,0.0
SHP-2024-0767,RT-03,2024-02-18,2024-02-18,WH-02,480.0,515.92,40.0,40.68,On-Time,0.0
SHP-2024-0768,RT-06,2024-12-11,2024-12-11,WH-01,3720.0,4332.49,310.0,334.82,Late,500.0
SHP-2024-0769,RT-02,2024-02-16,2024-02-16,WH-01,2940.0,3078.01,245.0,255.91,On-Time,0.0
SHP-2024-0770,RT-01,2024-03-30,2024-03-30,WH-01,300.0,302.85,25.0,25.31,On-Time,0.0
SHP-2024-0771,RT-04,2024-01-21,2024-01-21,WH-03,960.0,1123.66,80.0,86.03,Late,500.0
SHP-2024-0772,RT-01,2024-09-05,2024-09-05,WH-01,300.0,306.23,25.0,25.66,On-Time,0.0
SHP-2024-0773,RT-03,2024-02-06,2024-02-06,WH-02,480.0,506.53,40.0,40.11,On-Time,0.0
SHP-2024-0774,RT-03,2024-01-14,2024-01-14,WH-02,480.0,505.19,40.0,42.0,On-Time,0.0
SHP-2024-0775,RT-04,2024-10-31,2024-10-31,WH-03,960.0,1258.84,80.0,89.01,On-Time,0.0
SHP-2024-0776,RT-05,2024-10-28,2024-10-28,WH-04,1140.0,1665.55,95.0,108.86,Late,500.0
SHP-2024-0777,RT-03,2024-03-07,2024-03-07,WH-02,480.0,498.88,40.0,41.2,On-Time,0.0
SHP-2024-0778,RT-01,2024-07-22,2024-07-22,WH-01,300.0,304.44,25.0,25.84,On-Time,0.0
SHP-2024-0779,RT-02,2024-04-26,2024-04-26,WH-01,2940.0,3307.77,245.0,245.41,On-Time,0.0
SHP-2024-0780,RT-06,2024-01-24,2024-01-24,WH-01,3720.0,4188.34,310.0,322.43,On-Time,0.0
SHP-2024-0781,RT-04,2024-09-27,2024-09-27,WH-03,960.0,1120.79,80.0,89.47,On-Time,-0.0
SHP-2024-0782,RT-02,2024-03-15,2024-03-15,WH-01,2940.0,3050.81,245.0,248.58,On-Time,0.0
SHP-2024-0783,RT-02,2024-01-26,2024-01-26,WH-01,2940.0,3165.9,245.0,247.41,On-Time,0.0
SHP-2024-0784,RT-03,2024-10-14,2024-10-14,WH-02,480.0,532.59,40.0,41.11,On-Time,0.0
SHP-2024-0785,RT-02,2024-03-20,2024-03-20,WH-01,2940.0,3139.14,245.0,250.18,On-Time,0.0
SHP-2024-0786,RT-02,2024-12-21,2024-12-21,WH-01,2940.0,3579.57,245.0,247.04,On-Time,0.0
SHP-2024-0787,RT-03,2024-04-09,2024-04-09,WH-02,480.0,546.61,40.0,41.37,Late,500.0
SHP-2024-0788,RT-02,2024-03-13,2024-03-13,WH-01,2940.0,3059.08,245.0,250.2,On-Time,0.0
SHP-2024-0789,RT-04,2024-12-24,2024-12-24,WH-03,960.0,1231.93,80.0,85.05,Late,500.0
SHP-2024-0790,RT-04,2024-09-26,2024-09-26,WH-03,960.0,1099.04,80.0,87.5,On-Time,0.0
SHP-2024-0791,RT-05,2024-10-27,2024-10-27,WH-04,1140.0,1618.37,95.0,107.91,On-Time,0.0
SHP-2024-0792,RT-03,2024-05-22,2024-05-22,WH-02,480.0,572.88,40.0,40.63,On-Time,0.0
SHP-2024-0793,RT-04,2024-03-15,2024-03-15,WH-03,960.0,1106.32,80.0,89.22,On-Time,0.0
SHP-2024-0794,RT-01,2024-09-11,2024-09-11,WH-01,300.0,294.15,25.0,25.22,On-Time,0.0
SHP-2024-0795,RT-06,2024-04-01,2024-04-01,WH-01,3720.0,4437.27,310.0,324.44,On-Time,0.0
SHP-2024-0796,RT-04,2024-10-15,2024-10-15,WH-03,960.0,1166.46,80.0,86.4,On-Time,0.0
SHP-2024-0797,RT-03,2024-03-02,2024-03-02,WH-02,480.0,504.42,40.0,40.84,On-Time,0.0
SHP-2024-0798,RT-02,2024-05-09,2024-05-09,WH-01,2940.0,3195.45,245.0,245.86,On-Time,0.0
SHP-2024-0799,RT-03,2024-02-27,2024-02-27,WH-02,480.0,507.2,40.0,40.13,On-Time,0.0
SHP-2024-0800,RT-03,2024-09-11,2024-09-11,WH-02,480.0,505.0,40.0,40.72,On-Time,0.0
